top_fraction,top_percent,cumulative_weight_mass
1e-05,0.001,0.0018973750993609428
2e-05,0.002,0.0021001599525334314
3e-05,0.003,0.0022732133220415562
4e-05,0.004,0.00239623365632724
5e-05,0.005,0.0025061384876607917
6e-05,0.006,0.002605582936666906
7e-05,0.006999999999999999,0.0026991899867425673
8e-05,0.008,0.0027909705822821707
9e-05,0.009000000000000001,0.002872987730370369
0.0001,0.01,0.0029425836328300647
0.00011,0.011000000000000001,0.0030111406740616076
0.00012,0.012,0.0030790121818426996
0.00013,0.013,0.0031457548902835697
0.00014,0.013999999999999999,0.0032120200849021785
0.00015,0.015,0.0032779767861939035
0.00016,0.016,0.00334294715867145
0.00017,0.017,0.0034018025871773716
0.00018,0.018000000000000002,0.003459321007539984
0.00019,0.019,0.003516011176543543
0.0002,0.02,0.003571236018615309
0.00021,0.021,0.0036242327078070957
0.00022,0.022000000000000002,0.003675142677820986
0.00023,0.023,0.0037256397008604836
0.00024,0.024,0.003775920529733412
0.00025,0.025,0.0038229654128372204
0.00026,0.026,0.003869381223921664
0.00027,0.027,0.003915708319254918
0.00028,0.027999999999999997,0.003961785147112096
0.00029,0.029,0.00400739505130332
0.0003,0.03,0.004051702184369788
0.00031,0.031,0.004095274711289676
0.00032,0.032,0.0041367293197254185
0.00033,0.033,0.004177903876552591
0.00034,0.034,0.004219038397422992
0.00035,0.034999999999999996,0.004260045076080132
0.00036,0.036000000000000004,0.004300957181840204
0.00037,0.037,0.004341123880294617
0.00038,0.038,0.004380205362394918
0.00039,0.039,0.004419209548359504
0.0004,0.04,0.004457945979083888
0.00041,0.041,0.004495503326324979
0.00042,0.042,0.004532645038125338
0.00043,0.043,0.00456894180024392
0.00044,0.044000000000000004,0.004604716577887302
0.00045,0.045,0.00464030671355431
0.00046,0.046,0.004675771760958014
0.00047,0.047,0.00471089152051718
0.00048,0.048,0.00474530642532045
0.00049,0.049,0.004779282931849593
0.0005,0.05,0.004813181665667798
0.00051,0.051000000000000004,0.004846588857617462
0.00052,0.052,0.0048795449947647285
0.00053,0.053,0.004912438835162902
0.00054,0.054,0.004945077846059576
0.00055,0.055,0.004977621530997567
0.00056,0.055999999999999994,0.005009858970879577
0.00057,0.056999999999999995,0.005041918742790585
0.00058,0.058,0.005073440894193482
0.00059,0.059000000000000004,0.0051046176195086446
0.0006,0.06,0.005135725175932748
0.00061,0.061,0.005166418581211474
0.00062,0.062,0.005196993661229499
0.00063,0.063,0.005227093230132596
0.00064,0.064,0.005257105631244485
0.00065,0.065,0.005286592382617528
0.00066,0.066,0.005315880205671419
0.00067,0.067,0.005345103551007924
0.00068,0.068,0.005374231932364637
0.00069,0.06899999999999999,0.005403134184234659
0.0007,0.06999999999999999,0.005431475821751519
0.00071,0.07100000000000001,0.005459660533233546
0.00072,0.07200000000000001,0.005487721149620484
0.00073,0.073,0.00551561394604505
0.00074,0.074,0.005543445628063637
0.00075,0.075,0.005571235085881199
0.00076,0.076,0.005598982914307271
0.00077,0.077,0.005626683785521891
0.00078,0.078,0.005654107557347743
0.00079,0.079,0.005681374183041044
0.0008,0.08,0.005708625834813574
0.00081,0.08099999999999999,0.0057358451467734994
0.00082,0.082,0.005763040458987234
0.00083,0.083,0.005789761347841704
0.00084,0.084,0.005816448312543798
0.00085,0.08499999999999999,0.0058429255259397905
0.00086,0.086,0.005868711225048173
0.00087,0.087,0.00589442923956085
0.00088,0.08800000000000001,0.005920110956139979
0.00089,0.089,0.005945410508502391
0.0009,0.09,0.00597070735784655
0.00091,0.091,0.0059958344554615906
0.00092,0.092,0.006020956929205568
0.00093,0.093,0.006046032107406063
0.00094,0.094,0.006070998404538841
0.00095,0.095,0.006095849917983287
0.00096,0.096,0.0061203121058497345
0.00097,0.097,0.006144763447082369
0.00098,0.098,0.006169189642605488
0.00099,0.099,0.006193537297804141
0.001,0.1,0.006217869700776646
0.00101,0.101,0.0062421726743195904
0.00102,0.10200000000000001,0.006266197940931306
0.00103,0.10300000000000001,0.006290220480877906
0.00104,0.104,0.006314207033938146
0.00105,0.105,0.0063381824274983956
0.00106,0.106,0.006362115738738794
0.00107,0.107,0.0063860165701044025
0.00108,0.108,0.006409810375771485
0.00109,0.109,0.006433496506360825
0.0011,0.11,0.006457179089920828
0.00111,0.11100000000000002,0.006480857155111153
0.00112,0.11199999999999999,0.006504426070023328
0.00113,0.11299999999999999,0.006527716153868823
0.00114,0.11399999999999999,0.006550996822625166
0.00115,0.11499999999999999,0.006574254257429857
0.00116,0.116,0.006597464496735483
0.00117,0.117,0.0066206607061758405
0.00118,0.11800000000000001,0.006643766570050502
0.00119,0.11900000000000001,0.0066668356867012335
0.0012,0.12,0.0066898111854243325
0.00121,0.121,0.0067126902140444145
0.00122,0.122,0.006735557986758067
0.00123,0.123,0.006758397099474678
0.00124,0.124,0.006781219446565956
0.00125,0.125,0.006803725324061816
0.00126,0.126,0.006826204755270737
0.00127,0.127,0.006848672077467199
0.00128,0.128,0.0068711147923750104
0.00129,0.129,0.0068935443905502325
0.0013,0.13,0.006915883795954869
0.00131,0.131,0.00693814529950032
0.00132,0.132,0.00696031684128684
0.00133,0.133,0.006982481405430008
0.00134,0.134,0.007004597091508913
0.00135,0.135,0.007026625358776073
0.00136,0.136,0.007048642726658727
0.00137,0.13699999999999998,0.007070654886774719
0.00138,0.13799999999999998,0.007092652251230902
0.00139,0.13899999999999998,0.007114614109013928
0.0014,0.13999999999999999,0.007136467449527117
0.00141,0.14100000000000001,0.00715827979365713
0.00142,0.14200000000000002,0.007180046150097041
0.00143,0.14300000000000002,0.007201810265542008
0.00144,0.14400000000000002,0.007223572636576137
0.00145,0.145,0.007245282646181295
0.00146,0.146,0.007266914946740144
0.00147,0.147,0.007288527287528268
0.00148,0.148,0.007310050892556319
0.00149,0.149,0.007331549080845434
0.0015,0.15,0.007352983664532076
0.00151,0.151,0.007374397793682874
0.00152,0.152,0.007395791653834749
0.00153,0.153,0.007417051805532537
0.00154,0.154,0.007438252430802095
0.00155,0.155,0.0074594474372133845
0.00156,0.156,0.007480636460968526
0.00157,0.157,0.00750179937313078
0.00158,0.158,0.007522960610003793
0.00159,0.159,0.007544113192125224
0.0016,0.16,0.007565264542790828
0.00161,0.161,0.007586403289678856
0.00162,0.16199999999999998,0.007607540021126624
0.00163,0.163,0.007628616005604272
0.00164,0.164,0.00764960992091801
0.00165,0.165,0.007670547011002782
0.00166,0.166,0.007691447992328904
0.00167,0.167,0.007712268381510512
0.00168,0.168,0.00773307864801609
0.00169,0.169,0.007753852349196677
0.0017,0.16999999999999998,0.007774603260259028
0.00171,0.17099999999999999,0.0077952970586920856
0.00172,0.172,0.007815968547220109
0.00173,0.173,0.007836633749320754
0.00174,0.174,0.007857297925511375
0.00175,0.17500000000000002,0.00787791271795868
0.00176,0.17600000000000002,0.00789851687841292
0.00177,0.17700000000000002,0.007919098099591793
0.00178,0.178,0.00793966268247459
0.00179,0.179,0.007960210230521625
0.0018,0.18,0.007980750628121314
0.00181,0.181,0.008001273716217838
0.00182,0.182,0.008021693389309803
0.00183,0.183,0.008042091167226317
0.00184,0.184,0.00806242240832944
0.00185,0.185,0.008082752019618056
0.00186,0.186,0.00810307502069918
0.00187,0.187,0.008123391124172485
0.00188,0.188,0.008143668184857233
0.00189,0.189,0.008163928274370846
0.0019,0.19,0.008184114940377185
0.00191,0.191,0.008204262026993092
0.00192,0.192,0.008224405963119352
0.00193,0.193,0.008244514889156562
0.00194,0.194,0.008264447109468165
0.00195,0.19499999999999998,0.008284375964649371
0.00196,0.196,0.008304293458422762
0.00197,0.197,0.008324155507580144
0.00198,0.198,0.008343991017682129
0.00199,0.199,0.00836379320571723
0.002,0.2,0.008383594411498052
0.00201,0.201,0.008403393539992976
0.00202,0.202,0.008423191517067607
0.00203,0.203,0.008442985152214533
0.00204,0.20400000000000001,0.008462778032480855
0.00205,0.20500000000000002,0.008482564853693475
0.00206,0.20600000000000002,0.008502351542119868
0.00207,0.207,0.00852213625148579
0.00208,0.208,0.008541920769857825
0.00209,0.209,0.008561705119063845
0.0021,0.21,0.008581489355492522
0.00211,0.211,0.008601271611041739
0.00212,0.212,0.008621050546935294
0.00213,0.213,0.008640819940410438
0.00214,0.214,0.008660584149765782
0.00215,0.215,0.008680346134497086
0.00216,0.216,0.008700107591721462
0.00217,0.217,0.008719868503249018
0.00218,0.218,0.00873962387413485
0.00219,0.219,0.008759368189203087
0.0022,0.22,0.008779108420640114
0.00221,0.22100000000000003,0.008798846298304852
0.00222,0.22200000000000003,0.008818584155960707
0.00223,0.22300000000000003,0.00883832171348331
0.00224,0.22399999999999998,0.00885805797042849
0.00225,0.22499999999999998,0.008877793945430312
0.00226,0.22599999999999998,0.008897527399312821
0.00227,0.22699999999999998,0.00891725996916648
0.00228,0.22799999999999998,0.008936990881920792
0.00229,0.22899999999999998,0.00895672123078839
0.0023,0.22999999999999998,0.008976450375485001
0.00231,0.231,0.008996175023639807
0.00232,0.232,0.009015898111101706
0.00233,0.233,0.009035619636051706
0.00234,0.234,0.009055337965037324
0.00235,0.23500000000000001,0.009075055597350001
0.00236,0.23600000000000002,0.009094773005926982
0.00237,0.23700000000000002,0.009114489115745528
0.00238,0.23800000000000002,0.009134204756264808
0.00239,0.23900000000000002,0.009153920076641953
0.0024,0.24,0.009173635340630426
0.00241,0.241,0.009193349702400155
0.00242,0.242,0.009213056564476574
0.00243,0.243,0.009232761978637427
0.00244,0.244,0.009252463842130965
0.00245,0.245,0.009272161176340887
0.00246,0.246,0.009291857310017804
0.00247,0.247,0.009311550738857477
0.00248,0.248,0.009331243960332358
0.00249,0.249,0.009350930271466495
0.0025,0.25,0.009370609204779612
0.00251,0.251,0.009390286562847905
0.00252,0.252,0.009409958123796969
0.00253,0.253,0.009429627714780509
0.00254,0.254,0.009449292729186709
0.00255,0.255,0.009468955980992178
0.00256,0.256,0.009488615951340762
0.00257,0.257,0.009508270410151454
0.00258,0.258,0.009527917614832404
0.00259,0.259,0.009547560641294695
0.0026,0.26,0.009567202507241745
0.00261,0.261,0.00958684152647038
0.00262,0.262,0.009606475883629173
0.00263,0.263,0.009626096911233617
0.00264,0.264,0.009645717715102364
0.00265,0.265,0.009665337827755138
0.00266,0.266,0.009684956256023725
0.00267,0.267,0.009704574589704862
0.00268,0.268,0.009724191295390483
0.00269,0.269,0.009743801960212295
0.0027,0.27,0.009763406398633379
0.00271,0.271,0.009783010031242156
0.00272,0.272,0.009802611983104725
0.00273,0.27299999999999996,0.009822210158745293
0.00274,0.27399999999999997,0.009841806728218216
0.00275,0.27499999999999997,0.009861402773822192
0.00276,0.27599999999999997,0.009880998652079143
0.00277,0.27699999999999997,0.009900590679535526
0.00278,0.27799999999999997,0.009920178765241872
0.00279,0.27899999999999997,0.00993976449717593
0.0028,0.27999999999999997,0.00995934966886125
0.00281,0.281,0.009978933681850322
0.00282,0.28200000000000003,0.009998509796787403
0.00283,0.28300000000000003,0.010018083690738422
0.00284,0.28400000000000003,0.010037656556960428
0.00285,0.28500000000000003,0.010057221026727348
0.00286,0.28600000000000003,0.010076781110910815
0.00287,0.28700000000000003,0.010096340001837234
0.00288,0.28800000000000003,0.010115898519870825
0.00289,0.28900000000000003,0.01013545470596
0.0029,0.29,0.010155010873859283
0.00291,0.291,0.010174564878980163
0.00292,0.292,0.01019411612469412
0.00293,0.293,0.010213667164862272
0.00294,0.294,0.010233218185021542
0.00295,0.295,0.010252766111079836
0.00296,0.296,0.010272312283632345
0.00297,0.297,0.010291852102454868
0.00298,0.298,0.010311391753930366
0.00299,0.299,0.010330930994314258
0.003,0.3,0.010350464981456753
0.00301,0.301,0.010369995521614328
0.00302,0.302,0.010389525652499287
0.00303,0.303,0.010409053531475365
0.00304,0.304,0.010428579807921778
0.00305,0.305,0.010448106084368192
0.00306,0.306,0.010467629679624224
0.00307,0.307,0.01048715171054937
0.00308,0.308,0.010506672735573375
0.00309,0.309,0.010526190988457529
0.0031,0.31,0.010545708868448855
0.00311,0.311,0.01056522416183725
0.00312,0.312,0.010584737890894758
0.00313,0.313,0.01060424715433328
0.00314,0.314,0.010623755877531948
0.00315,0.315,0.010643245484970976
0.00316,0.316,0.01066273302967602
0.00317,0.317,0.010682217191060772
0.00318,0.318,0.010701695184252458
0.00319,0.319,0.01072116931572964
0.0032,0.32,0.010740643092503888
0.00321,0.321,0.01076011152144929
0.00322,0.322,0.010779575457490864
0.00323,0.32299999999999995,0.01079903878053301
0.00324,0.32399999999999995,0.01081849989714101
0.00325,0.325,0.010837956095201662
0.00326,0.326,0.010857411032702657
0.00327,0.327,0.010876863947487436
0.00328,0.328,0.010896315043282812
0.00329,0.329,0.010915759778072243
0.0033,0.33,0.010935201396932825
0.00331,0.331,0.010954642422802863
0.00332,0.332,0.010974082670145435
0.00333,0.333,0.010993509999025264
0.00334,0.334,0.011012934068276081
0.00335,0.335,0.011032357822841732
0.00336,0.336,0.011051779409172013
0.00337,0.337,0.011071200680817128
0.00338,0.338,0.011090619989772676
0.00339,0.33899999999999997,0.011110037965408992
0.0034,0.33999999999999997,0.011129453772809939
0.00341,0.34099999999999997,0.011148867599331425
0.00342,0.34199999999999997,0.011168272967552184
0.00343,0.34299999999999997,0.011187673635504325
0.00344,0.344,0.011207073730474804
0.00345,0.345,0.011226473325223196
0.00346,0.346,0.011245870497077703
0.00347,0.347,0.011265266946793417
0.00348,0.348,0.01128466230511549
0.00349,0.349,0.011304054389256635
0.0035,0.35000000000000003,0.011323445476591587
0.00351,0.35100000000000003,0.011342836120093125
0.00352,0.35200000000000004,0.011362224340700777
0.00353,0.35300000000000004,0.011381606664144783
0.00354,0.35400000000000004,0.01140098410724022
0.00355,0.35500000000000004,0.011420356950111454
0.00356,0.356,0.011439728148616268
0.00357,0.357,0.01145909886690788
0.00358,0.358,0.011478462567538372
0.00359,0.359,0.011497825251353788
0.0036,0.36,0.011517186478158692
0.00361,0.361,0.011536542055182508
0.00362,0.362,0.011555886503629154
0.00363,0.363,0.011575228923902614
0.00364,0.364,0.011594571287787403
0.00365,0.365,0.011613908691288088
0.00366,0.366,0.011633241467279731
0.00367,0.367,0.011652572840830544
0.00368,0.368,0.01167190301566734
0.00369,0.369,0.01169123311774456
0.0037,0.37,0.011710561984727974
0.00371,0.371,0.011729888177796965
0.00372,0.372,0.011749212435461232
0.00373,0.373,0.011768535276132752
0.00374,0.374,0.011787856788942008
0.00375,0.375,0.011807173714259989
0.00376,0.376,0.011826490233943332
0.00378,0.378,0.01186511872401752
0.00379,0.379,0.011884432167789782
0.0038,0.38,0.011903745427844115
0.00381,0.381,0.011923058447791846
0.00382,0.382,0.011942365299546509
0.00383,0.383,0.01196167087982758
0.00384,0.384,0.011980972207311424
0.00385,0.385,0.01200027335107734
0.00386,0.386,0.012019567024253774
0.00387,0.387,0.012038860622851644
0.00388,0.388,0.012058142632668023
0.00389,0.38899999999999996,0.012077424642484402
0.00391,0.391,0.012115979194277315
0.00392,0.392,0.012135254806707962
0.00393,0.393,0.01215452959149843
0.00394,0.394,0.012173802593679284
0.00395,0.395,0.01219307533938263
0.00396,0.396,0.012212347715831129
0.00397,0.39699999999999996,0.01223161700545461
0.00398,0.398,0.012250886238689418
0.00399,0.39899999999999997,0.012270153414647211
0.00401,0.40099999999999997,0.012308673327424913
0.00402,0.402,0.012327930509854923
0.00403,0.40299999999999997,0.01234718190789863
0.00404,0.404,0.012366431066766381
0.00405,0.40499999999999997,0.012385678224745789
0.00406,0.406,0.012404924023940112
0.00407,0.407,0.012424162594470545
0.00408,0.40800000000000003,0.012443401144992094
0.0041,0.41000000000000003,0.012481873091019224
0.00411,0.411,0.01250110881665023
0.00412,0.41200000000000003,0.012520341406343505
0.00413,0.413,0.012539570401713718
0.00414,0.414,0.012558793381685973
0.00415,0.415,0.012578016343468335
0.00417,0.41700000000000004,0.01261645814338408
0.00418,0.418,0.012635676743229851
0.00419,0.41900000000000004,0.012654890284466092
0.0042,0.42,0.01267410166474292
0.00421,0.42100000000000004,0.01269331231196702
0.00423,0.42300000000000004,0.012731712762615643
0.00424,0.424,0.012750909801980015
0.00425,0.42500000000000004,0.012770103454386117
0.00426,0.426,0.012789295989932725
0.00427,0.42700000000000005,0.012808480969397351
0.00429,0.42900000000000005,0.01284684889651544
0.0043,0.43,0.012866030489021796
0.00431,0.43099999999999994,0.012885211515822448
0.00432,0.432,0.01290439181138936
0.00433,0.43299999999999994,0.012923571648570942
0.00435,0.43499999999999994,0.012961924301635008
0.00436,0.436,0.012981093186681392
0.00437,0.437,0.013000259421460214
0.00438,0.438,0.01301941997189715
0.0044,0.44,0.01305772638443159
0.00441,0.441,0.013076876923150849
0.00442,0.44200000000000006,0.013096025801132782
0.00443,0.443,0.013115172925608931
0.00444,0.44400000000000006,0.013134319720847998
0.00446,0.44600000000000006,0.013172611230402254
0.00447,0.447,0.01319175589014776
0.00448,0.44799999999999995,0.013210898614488542
0.0045,0.44999999999999996,0.013249177109173615
0.00451,0.451,0.013268309539853362
0.00452,0.45199999999999996,0.013287441515785758
0.00453,0.453,0.013306572760484414
0.00455,0.455,0.013344815970413038
0.00456,0.45599999999999996,0.013363933938308037
0.00457,0.457,0.013383049772528466
0.00458,0.45799999999999996,0.013402163329374162
0.0046,0.45999999999999996,0.013440387105219997
0.00461,0.461,0.013459498326483299
0.00462,0.462,0.013478607545039267
0.00464,0.464,0.013516823502868647
0.00465,0.46499999999999997,0.013535929276258685
0.00466,0.466,0.013555028965129168
0.00468,0.468,0.013593222243798664
0.00469,0.469,0.0136123139927804
0.0047,0.47000000000000003,0.013631405450723832
0.00472,0.47200000000000003,0.013669585418028873
0.00473,0.473,0.013688671213458292
0.00474,0.47400000000000003,0.013707753569178749
0.00476,0.47600000000000003,0.013745910311627085
0.00477,0.477,0.01376498044191976
0.00478,0.47800000000000004,0.013784045371721731
0.0048,0.48,0.013822164904922829
0.00481,0.481,0.013841221982147545
0.00482,0.482,0.013860277822459466
0.00484,0.484,0.01389838443537883
0.00485,0.485,0.013917435606344952
0.00486,0.486,0.013936483197539928
0.00488,0.488,0.013974576075270306
0.00489,0.48900000000000005,0.013993620579640265
0.00491,0.49100000000000005,0.014031703267392004
0.00492,0.492,0.014050737276193104
0.00493,0.49300000000000005,0.014069765242311405
0.00495,0.49500000000000005,0.014107815348324948
0.00496,0.496,0.01412683364287659
0.00497,0.49699999999999994,0.014145851830107858
0.00499,0.49899999999999994,0.014183885232341709
0.005,0.5,0.014202900263626361
0.00502,0.502,0.014240929165680427
0.00503,0.503,0.014259943163779099
0.00505,0.505,0.014297968076789402
0.00506,0.506,0.014316978229544475
0.00507,0.507,0.014335988256789278
0.00509,0.509,0.014373999354575062
0.0051,0.51,0.014392998617040575
0.00512,0.512,0.014430968414671952
0.00513,0.513,0.014449945927481167
0.00515,0.515,0.014487894673948176
0.00516,0.516,0.014506863393762615
0.00517,0.517,0.014525831462378846
0.00519,0.519,0.014563762877514819
0.0052,0.52,0.014582727979359333
0.00522,0.522,0.01462064577754063
0.00523,0.523,0.01463960116961971
0.00525,0.525,0.01467750526353484
0.00526,0.526,0.014696455848024925
0.00528,0.528,0.014734350799699314
0.00529,0.529,0.014753297517017927
0.00531,0.5309999999999999,0.01479118358111009
0.00532,0.532,0.014810117907472886
0.00534,0.534,0.014847976197415846
0.00535,0.5349999999999999,0.014866900324705057
0.00537,0.5369999999999999,0.01490474805359554
0.00538,0.538,0.014923664204616216
0.0054,0.54,0.01496148817386711
0.00541,0.541,0.014980395666498225
0.00543,0.543,0.015018207246612292
0.00544,0.544,0.01503710743963893
0.00546,0.5459999999999999,0.015074906672452926
0.00547,0.547,0.015093803964191466
0.00549,0.549,0.015131592472243938
0.0055,0.5499999999999999,0.015150484681726084
0.00552,0.5519999999999999,0.015188267405392253
0.00554,0.5539999999999999,0.01522604378988035
0.00555,0.555,0.015244929820255493
0.00557,0.557,0.015282687132639694
0.00558,0.5579999999999999,0.015301559389627073
0.0056,0.5599999999999999,0.015339299186962307
0.00561,0.561,0.015358168366219616
0.00563,0.563,0.015395905124023557
0.00565,0.565,0.015433633981956518
0.00566,0.5660000000000001,0.015452495370482211
0.00568,0.5680000000000001,0.015490216384932864
0.00569,0.569,0.015509074193687411
0.00571,0.571,0.015546787744824542
0.00573,0.573,0.015584487668093061
0.00574,0.5740000000000001,0.015603334995830664
0.00576,0.5760000000000001,0.01564102562588232
0.00577,0.577,0.015659867669455707
0.00579,0.579,0.015697543296482763
0.00581,0.581,0.015735204446173157
0.00582,0.582,0.015754025136629934
0.00584,0.584,0.015791662712217658
0.00586,0.586,0.015829290974579635
0.00587,0.587,0.015848103554162662
0.00589,0.5890000000000001,0.015885722130406066
0.00591,0.5910000000000001,0.01592333808548574
0.00592,0.592,0.015942141517371056
0.00594,0.594,0.015979739433532814
0.00596,0.596,0.01601733555799001
0.00597,0.597,0.016036133341913228
0.00599,0.599,0.01607371510908706
0.00601,0.601,0.016111290371554787
0.00602,0.602,0.016130074303873698
0.00604,0.604,0.016167634894372895
0.00606,0.606,0.01620518484742206
0.00607,0.607,0.016223955168243265
0.00609,0.609,0.016261485341601656
0.00611,0.611,0.016299002652885974
0.00613,0.613,0.016336506745574297
0.00614,0.614,0.01635525792335102
0.00616,0.616,0.01639274518856837
0.00618,0.618,0.016430214869615156
0.0062,0.62,0.01646768092541606
0.00621,0.621,0.01648640933490242
0.00623,0.623,0.01652386122623284
0.00625,0.625,0.016561307098527323
0.00627,0.627,0.016598746900854167
0.00628,0.628,0.01661746440004208
0.0063,0.63,0.016654893473969423
0.00632,0.632,0.016692319033609238
0.00634,0.634,0.01672973727727367
0.00635,0.635,0.0167484456414968
0.00637,0.637,0.016785855839771102
0.00639,0.639,0.016823252910398878
0.00641,0.641,0.016860643203472137
0.00643,0.643,0.01689802936198248
0.00644,0.644,0.016916717006097315
0.00646,0.6459999999999999,0.01695408910018159
0.00648,0.6479999999999999,0.016991453996524797
0.0065,0.65,0.01702880572884169
0.00652,0.652,0.01706613721580652
0.00654,0.654,0.01710346113941341
0.00655,0.655,0.017122120751082548
0.00657,0.657,0.01715943848103052
0.00659,0.659,0.01719675137064769
0.00661,0.661,0.017234043238204322
0.00663,0.6629999999999999,0.01727132791893382
0.00665,0.6649999999999999,0.01730860356838093
0.00667,0.6669999999999999,0.017345875327009708
0.00668,0.668,0.01736450975658954
0.0067,0.67,0.017401776378392242
0.00672,0.672,0.01743904047725664
0.00674,0.674,0.017476302853538073
0.00676,0.676,0.01751355758824502
0.00678,0.6779999999999999,0.017550801454490284
0.0068,0.6799999999999999,0.017588042283023242
0.00682,0.6819999999999999,0.017625277767365333
0.00684,0.6839999999999999,0.017662504766121856
0.00686,0.6859999999999999,0.01769971321846242
0.00688,0.688,0.017736915302521084
0.00689,0.6890000000000001,0.017755512591975275
0.00691,0.6910000000000001,0.01779270595034177
0.00693,0.6930000000000001,0.017829891077781213
0.00695,0.695,0.01786706661550852
0.00697,0.697,0.017904233009176096
0.00699,0.699,0.017941392434295267
0.00701,0.701,0.017978543624849408
0.00703,0.703,0.018015671064858907
0.00705,0.705,0.01805278165375057
0.00707,0.707,0.01808988235461584
0.00709,0.709,0.018126974122424144
0.00711,0.711,0.01816405893987394
0.00713,0.713,0.01820113464964379
0.00715,0.715,0.018238205693705822
0.00717,0.717,0.018275268430443248
0.00719,0.719,0.01831232455879217
0.00721,0.721,0.018349378000493743
0.00723,0.7230000000000001,0.01838642587790673
0.00725,0.7250000000000001,0.018423462062855833
0.00727,0.7270000000000001,0.018460491906807874
0.00729,0.729,0.018497504255719832
0.00731,0.731,0.01853451291754027
0.00733,0.733,0.018571520151454024
0.00736,0.736,0.01862701824393298
0.00738,0.738,0.01866400753533526
0.0074,0.74,0.018700994232858648
0.00742,0.742,0.018737973472525482
0.00744,0.744,0.018774941003357526
0.00746,0.746,0.01881190301719471
0.00748,0.748,0.018848854140742333
0.0075,0.75,0.018885799838244566
0.00752,0.752,0.018922741184724146
0.00754,0.754,0.01895967595919501
0.00757,0.757,0.019015054775081808
0.00759,0.759,0.019051959112402983
0.00761,0.761,0.019088832508714404
0.00763,0.763,0.019125698925563483
0.00765,0.765,0.019162557433446636
0.00767,0.767,0.0191994070646615
0.00769,0.769,0.019236242575061624
0.00772,0.772,0.019291479504317977
0.00774,0.774,0.019328284955918207
0.00776,0.776,0.019365081914656912
0.00778,0.7779999999999999,0.019401876466872636
0.0078,0.7799999999999999,0.01943866528381477
0.00783,0.783,0.01949383202190802
0.00785,0.7849999999999999,0.019530593237504945
0.00787,0.787,0.01956734695158957
0.00789,0.7889999999999999,0.0196040913779143
0.00791,0.791,0.019640826556496904
0.00794,0.7939999999999999,0.019695920789672527
0.00796,0.796,0.019732640888832975
0.00798,0.7979999999999999,0.019769354334130185
0.008,0.8,0.019806055948720314
0.00803,0.803,0.01986109259451041
0.00805,0.8049999999999999,0.019897780892279116
0.00807,0.807,0.01993446721280634
0.00809,0.8089999999999999,0.019971138859546045
0.00812,0.812,0.020026132673592656
0.00814,0.814,0.020062791278178338
0.00816,0.8160000000000001,0.0200994472252205
0.00819,0.819,0.020154418336460367
0.00821,0.8210000000000001,0.020191052650261554
0.00823,0.823,0.02022767980270146
0.00825,0.8250000000000001,0.02026430166370119
0.00828,0.828,0.02031922316928103
0.0083,0.83,0.02035583101132943
0.00832,0.832,0.020392432446897146
0.00835,0.835,0.02044731902606145
0.00837,0.8370000000000001,0.020483894937569858
0.0084,0.84,0.02053874696321145
0.00842,0.8420000000000001,0.02057530731872248
0.00844,0.844,0.02061185998900328
0.00847,0.847,0.02066668314546405
0.00849,0.849,0.02070322549843695
0.00851,0.851,0.020739759820571635
0.00854,0.8540000000000001,0.020794549702259246
0.00856,0.856,0.020831072388318717
0.00859,0.859,0.020885833695501788
0.00861,0.861,0.020922318020893726
0.00863,0.8630000000000001,0.020958784325557644
0.00866,0.8659999999999999,0.02101346842937346
0.00868,0.868,0.021049920320365345
0.00871,0.8710000000000001,0.021104589264723472
0.00873,0.873,0.021141026592886192
0.00876,0.876,0.02119566668079642
0.00878,0.878,0.02123208665580023
0.00881,0.881,0.02128670932688692
0.00883,0.8829999999999999,0.02132311671448406
0.00886,0.886,0.021377723691330175
0.00888,0.8880000000000001,0.02141411946649896
0.00891,0.8909999999999999,0.02146870248907362
0.00893,0.893,0.021505082888324978
0.00896,0.8959999999999999,0.021559618649916956
0.00898,0.898,0.021595962241917732
0.00901,0.901,0.0216504524469201
0.00903,0.903,0.02168676350811438
0.00906,0.906,0.021741217609815067
0.00908,0.9079999999999999,0.02177750954433577
0.00911,0.911,0.02183193652854243
0.00913,0.9129999999999999,0.021868210953471134
0.00916,0.9159999999999999,0.021922615964285797
0.00919,0.919,0.02197700812939729
0.00921,0.9209999999999999,0.02201326064459863
0.00924,0.924,0.022067630388846737
0.00926,0.9259999999999999,0.022103865105236764
0.00929,0.9289999999999999,0.022158192661663634
0.00932,0.932,0.022212481784663396
0.00934,0.9339999999999999,0.022248665478400653
0.00937,0.9369999999999999,0.022302934687104425
0.0094,0.9400000000000001,0.02235719461532426
0.00942,0.942,0.022393361146896495
0.00945,0.9450000000000001,0.022447601399107953
0.00947,0.947,0.022483755583380116
0.0095,0.95,0.022537981558343745
0.00953,0.9530000000000001,0.022592196179175517
0.00956,0.9560000000000001,0.02264637916596257
0.00958,0.958,0.022682491620798828
0.00961,0.9610000000000001,0.022736653769243276
0.00964,0.964,0.022790795328546665
0.00966,0.966,0.02282688062041416
0.00969,0.9690000000000001,0.02288099262113974
0.00972,0.972,0.022935088210942922
0.00975,0.975,0.022989178316493053
0.00977,0.9769999999999999,0.023025227545076632
0.0098,0.98,0.02307928603659093
0.00983,0.983,0.023133329992560903
0.00986,0.9860000000000001,0.02318735429798835
0.00988,0.988,0.023223358311952325
0.00991,0.991,0.023277351352589903
0.00994,0.9939999999999999,0.02333132460807974
0.00997,0.997,0.02338527686697489
0.01,1.0,0.02343921184183273
0.01002,1.002,0.023475163188777515
0.01005,1.005,0.0235290776763577
0.01008,1.008,0.023582954439916648
0.01011,1.011,0.023636810550669907
0.01014,1.014,0.023690657944825944
0.01017,1.0170000000000001,0.023744494317725184
0.01019,1.019,0.02378038134702365
0.01022,1.022,0.02383420170372119
0.01025,1.0250000000000001,0.023887995290351682
0.01028,1.028,0.023941751782331266
0.01031,1.031,0.023995490795641672
0.01034,1.034,0.02404922138885013
0.01037,1.0370000000000001,0.024102930326989735
0.0104,1.04,0.02415662734711077
0.01043,1.043,0.02421030877121666
0.01046,1.046,0.0242639829593827
0.01048,1.048,0.024299761116708396
0.01051,1.051,0.024353409580726293
0.01054,1.054,0.024407051292655524
0.01057,1.057,0.024460684255245724
0.0106,1.06,0.02451430808105215
0.01063,1.0630000000000002,0.024567908660173998
0.01066,1.0659999999999998,0.024621486769319745
0.01069,1.069,0.02467505673666892
0.01072,1.072,0.024728611533646472
0.01075,1.075,0.02478214248549193
0.01078,1.078,0.02483565922921116
0.01081,1.081,0.02488916086804238
0.01084,1.084,0.024942644873590325
0.01088,1.088,0.025013926566316513
0.01091,1.091,0.02506736472059856
0.01094,1.094,0.025120767841144698
0.01097,1.097,0.02517416194677935
0.011,1.0999999999999999,0.025227550129784504
0.01103,1.103,0.025280932950408896
0.01106,1.106,0.025334310239486513
0.01109,1.109,0.02538768187878304
0.01112,1.1119999999999999,0.025441048630455043
0.01115,1.115,0.025494395706118667
0.01119,1.119,0.025565493193425937
0.01122,1.122,0.02561877530933998
0.01125,1.125,0.02567204734623374
0.01128,1.1280000000000001,0.025725317076648935
0.01131,1.131,0.025778585506486706
0.01134,1.134,0.025831849919995875
0.01138,1.138,0.025902861108988873
0.01141,1.141,0.025956112251151353
0.01144,1.1440000000000001,0.026009359364252305
0.01147,1.147,0.026062604041726445
0.0115,1.15,0.02611584739679529
0.01154,1.154,0.02618682838692621
0.01157,1.157,0.026240060487907613
0.0116,1.16,0.026293289001841913
0.01163,1.163,0.02634651002153987
0.01167,1.167,0.026417467664941796
0.0117,1.17,0.026470682947547175
0.01173,1.173,0.02652389528884669
0.01177,1.1769999999999998,0.026594837927405024
0.0118,1.18,0.026648040948202834
0.01183,1.183,0.026701242124545388
0.01187,1.187,0.026772170911499416
0.0119,1.1900000000000002,0.026825364395335782
0.01193,1.193,0.026878556067458703
0.01197,1.197,0.026949473494823906
0.012,1.2,0.02700265539715474
0.01203,1.203,0.02705583094211761
0.01207,1.207,0.027126724749905406
0.0121,1.21,0.027179889681065106
0.01214,1.214,0.02725077169452561
0.01217,1.217,0.027303928802211885
0.0122,1.22,0.027357081804439076
0.01224,1.224,0.027427944100054447
0.01227,1.2269999999999999,0.027481083956445218
0.01231,1.2309999999999999,0.027551931383641204
0.01234,1.234,0.027605061781287077
0.01238,1.238,0.027675895089487312
0.01241,1.2409999999999999,0.02772901581010956
0.01245,1.2449999999999999,0.027799836485428386
0.01248,1.248,0.0278529464831081
0.01252,1.252,0.02792374814998766
0.01255,1.2550000000000001,0.02797684351389762
0.01259,1.2590000000000001,0.02804763368476415
0.01262,1.262,0.028100722669478273
0.01266,1.266,0.028171501975521096
0.01269,1.269,0.028224576633874676
0.01273,1.273,0.028295336098381085
0.01277,1.277,0.028366084461595165
0.0128,1.28,0.02841914080090646
0.01284,1.284,0.02848987376455625
0.01287,1.287,0.028542912901684758
0.01291,1.291,0.02861362426483538
0.01295,1.295,0.028684330993201
0.01298,1.298,0.028737358226862852
0.01302,1.302,0.028808053542888956
0.01306,1.306,0.028878739793071873
0.01309,1.309,0.028931741882843198
0.01313,1.313,0.029002409681197605
0.01317,1.317,0.02907307171699358
0.0132,1.32,0.02912606437348586
0.01324,1.324,0.029196717410741257
0.01328,1.328,0.02926736140761932
0.01332,1.332,0.029337990043131867
0.01335,1.335,0.029390955281996867
0.01339,1.3390000000000002,0.029461562535288977
0.01343,1.343,0.02953216401510872
0.01347,1.347,0.029602752736536786
0.0135,1.35,0.029655691074367496
0.01354,1.354,0.029726272103289375
0.01358,1.358,0.029796840328344842
0.01362,1.362,0.029867403589378227
0.01366,1.366,0.029937957517176983
0.0137,1.37,0.030008505573277944
0.01373,1.373,0.03006141162768472
0.01377,1.377,0.030131951341900276
0.01381,1.381,0.03020248609391274
0.01385,1.385,0.030273007594587398
0.01389,1.389,0.0303435190799064
0.01393,1.393,0.030414007836952806
0.01397,1.397,0.030484489081572974
0.01401,1.401,0.030554967504940578
0.01405,1.405,0.030625442834207206
0.01409,1.409,0.030695912113515078
0.01413,1.413,0.03076637349658995
0.01417,1.417,0.030836823829304194
0.01421,1.421,0.030907264990673866
0.01425,1.425,0.030977700389485108
0.01429,1.429,0.031048130316776223
0.01433,1.433,0.031118550690734992
0.01437,1.437,0.031188959581413656
0.01441,1.4409999999999998,0.03125936414107855
0.01445,1.4449999999999998,0.03132976203778526
0.01449,1.4489999999999998,0.03140015188000689
0.01453,1.4529999999999998,0.03147053586144466
0.01457,1.4569999999999999,0.03154091190845065
0.01461,1.461,0.03161127927887719
0.01465,1.465,0.03168163874761376
0.01469,1.469,0.03175199278302898
0.01474,1.474,0.03183992711092287
0.01478,1.478,0.031910267023704364
0.01482,1.482,0.03198059540045506
0.01486,1.486,0.032050916264779516
0.0149,1.49,0.03212122993500088
0.01494,1.494,0.03219153556165111
0.01499,1.4989999999999999,0.032279407989335596
0.01503,1.503,0.03234969745790295
0.01507,1.5070000000000001,0.03241997553232068
0.01511,1.5110000000000001,0.03249024261458544
0.01516,1.516,0.032578071377429296
0.0152,1.52,0.03264832616696367
0.01524,1.524,0.03271857569598069
0.01528,1.528,0.03278882125778182
0.01533,1.533,0.03287662432740035
0.01537,1.537,0.03294686024491966
0.01541,1.541,0.03301708373510337
0.01546,1.546,0.03310485564361443
0.0155,1.55,0.03317506535677239
0.01554,1.554,0.033245272761632805
0.01559,1.559,0.03333302018290851
0.01563,1.5630000000000002,0.03340320895949844
0.01568,1.568,0.033490930325569934
0.01572,1.572,0.033561099524376914
0.01576,1.576,0.03363126443946385
0.01581,1.5810000000000002,0.03371896556200227
0.01585,1.585,0.03378912221523933
0.0159,1.59,0.03387679903607932
0.01594,1.5939999999999999,0.033946930152524146
0.01599,1.599,0.034034582025924465
0.01603,1.603,0.03410470133712806
0.01608,1.608,0.034192333985629375
0.01612,1.6119999999999999,0.0342624330532999
0.01617,1.617,0.03435004018319887
0.01621,1.6209999999999998,0.03442011432161962
0.01626,1.6260000000000001,0.03450769894698169
0.01631,1.6310000000000002,0.034595276789332274
0.01635,1.635,0.034665329430936254
0.0164,1.6400000000000001,0.034752881818349124
0.01644,1.644,0.03482291602085752
0.01649,1.649,0.03491045291411865
0.01654,1.654,0.034997986436792416
0.01658,1.6580000000000001,0.03506800851755543
0.01663,1.6629999999999998,0.035155526144080795
0.01668,1.6680000000000001,0.035243038029875606
0.01672,1.672,0.035313043585119885
0.01677,1.677,0.03540053908182017
0.01682,1.6820000000000002,0.035488022929712315
0.01686,1.686,0.03555800211870519
0.01691,1.691,0.03564546331108431
0.01696,1.696,0.03573291404245538
0.01701,1.701,0.03582035770341463
0.01706,1.706,0.03590779457408644
0.0171,1.71,0.03597773257934023
0.01715,1.7149999999999999,0.03606514562488883
0.0172,1.72,0.0361525480147975
0.01725,1.725,0.036239937784557696
0.0173,1.73,0.036327314453956205
0.01735,1.735,0.0364146717110998
0.01739,1.7389999999999999,0.03648454091671738
0.01744,1.744,0.036571867518432555
0.01749,1.7489999999999999,0.03665917973194155
0.01754,1.754,0.03674647587649815
0.01759,1.7590000000000001,0.03683376183289511
0.01764,1.764,0.03692104046240274
0.01769,1.7690000000000001,0.03700831630885659
0.01774,1.7739999999999998,0.03709558754599129
0.01779,1.779,0.03718284912974923
0.01784,1.7840000000000003,0.037270095219355426
0.01789,1.789,0.03735733689791232
0.01794,1.794,0.03744457516768307
0.01799,1.799,0.037531801957811695
0.01804,1.804,0.03761902244150406
0.01809,1.809,0.03770623678610718
0.01814,1.814,0.03779344346366997
0.0182,1.82,0.03789807978864701
0.01825,1.825,0.03798527059916523
0.0183,1.83,0.03807245615280408
0.01835,1.8350000000000002,0.038159638534125406
0.0184,1.8399999999999999,0.03824681561127363
0.01845,1.8450000000000002,0.038333988462909474
0.0185,1.8499999999999999,0.03842115394763823
0.01856,1.856,0.038525740390468854
0.01861,1.8610000000000002,0.038612888420175295
0.01866,1.8659999999999999,0.03870003101656039
0.01871,1.871,0.0387871668117441
0.01877,1.8769999999999998,0.0388917201107688
0.01882,1.882,0.03897883585159434
0.01887,1.8870000000000002,0.039065946541086305
0.01893,1.8929999999999998,0.039170469648524886
0.01898,1.8980000000000001,0.03925756606622599
0.01903,1.9029999999999998,0.03934465293059475
0.01909,1.909,0.03944914965541102
0.01914,1.9140000000000001,0.03953622473090945
0.01919,1.9189999999999998,0.03962329510613927
0.01925,1.925,0.0397277743286395
0.0193,1.9300000000000002,0.039814827798181796
0.01936,1.936,0.039919282049595495
0.01941,1.941,0.04000632339557342
0.01947,1.947,0.040110763899065205
0.01952,1.952,0.040197789941885276
0.01958,1.958,0.04030221019456803
0.01963,1.963,0.04038922096697206
0.01969,1.9689999999999999,0.040493625070666894
0.01974,1.974,0.040580621291155694
0.0198,1.9800000000000002,0.04068500775792927
0.01985,1.9849999999999999,0.04077198921186209
0.01991,1.991,0.040876355924410746
0.01996,1.9959999999999998,0.04096331985965662
0.02002,2.002,0.041067665686568944
0.02008,2.008,0.041171991695591714
0.02013,2.013,0.04125891992589459
0.02019,2.019,0.04136322622252919
0.02025,2.025,0.041467518523859326
0.0203,2.03,0.041554417099177954
0.02036,2.036,0.04165868896598113
0.02042,2.0420000000000003,0.04176294769058586
0.02048,2.048,0.04186719337303657
0.02053,2.053,0.041954059366617
0.02059,2.059,0.042058292290676036
0.02065,2.0650000000000004,0.042162517760516494
0.02071,2.0709999999999997,0.04226673575976747
0.02077,2.077,0.04237094600284763
0.02082,2.0820000000000003,0.04245778360564145
0.02088,2.088,0.042561981463222764
0.02094,2.094,0.042666166884373524
0.021,2.1,0.04277034200640628
0.02106,2.106,0.04287450452466146
0.02112,2.112,0.04297865807347989
0.02118,2.118,0.04308280509940232
0.02124,2.1239999999999997,0.04318694411085744
0.0213,2.13,0.04329107613921224
0.02136,2.136,0.043395201610110234
0.02142,2.1420000000000003,0.04349931689284858
0.02148,2.1479999999999997,0.04360342459585809
0.02154,2.154,0.04370751126771211
0.0216,2.16,0.0438115836968791
0.02166,2.166,0.04391564752222621
0.02172,2.172,0.04401970739309036
0.02178,2.178,0.0441237641407497
0.02184,2.1839999999999997,0.04422781040193513
0.02191,2.191,0.044349183670419734
0.02197,2.197,0.04445320443119272
0.02203,2.2030000000000003,0.04455721084741526
0.02209,2.2089999999999996,0.044661196481683874
0.02215,2.215,0.04476517084549414
0.02222,2.222,0.04488645742640074
0.02228,2.228,0.04499040667178633
0.02234,2.234,0.0450943474588712
0.0224,2.2399999999999998,0.045198281044577016
0.02247,2.247,0.04531952414254192
0.02253,2.253,0.04542344150468125
0.02259,2.259,0.045527349353506
0.02266,2.266,0.04564855770513532
0.02272,2.2720000000000002,0.04575243168801535
0.02279,2.279,0.04587360062942025
0.02285,2.2849999999999997,0.045977443807714735
0.02291,2.291,0.04608126955827174
0.02298,2.298,0.04620238670759136
0.02304,2.3040000000000003,0.046306194832141045
0.02311,2.311,0.04642729561419401
0.02317,2.317,0.04653109002902056
0.02324,2.324,0.046652170896777534
0.0233,2.33,0.04675594530453964
0.02337,2.3369999999999997,0.046877008080628
0.02344,2.344,0.04699806008648011
0.0235,2.35,0.04710180647452944
0.02357,2.357,0.04722282403236022
0.02363,2.363,0.047326535743195564
0.0237,2.37,0.04744751624457422
0.02377,2.377,0.047568485322699416
0.02383,2.383,0.047672159984358586
0.0239,2.39,0.04779310181947949
0.02397,2.3970000000000002,0.04791403767740121
0.02404,2.404,0.048034966517661815
0.0241,2.41,0.048138602016479126
0.02417,2.4170000000000003,0.048259498486004304
0.02424,2.424,0.04838038438174408
0.02431,2.431,0.048501261186174816
0.02438,2.4379999999999997,0.048622118678395054
0.02444,2.444,0.04872570192310377
0.02451,2.451,0.04884653544104367
0.02458,2.458,0.048967355674903956
0.02465,2.465,0.04908815248563769
0.02472,2.472,0.04920892889276729
0.02479,2.479,0.04932968729553977
0.02486,2.486,0.049450427541160025
0.02493,2.493,0.049571143525099615
0.025,2.5,0.049691849626469775
0.02507,2.5069999999999997,0.04981254293306847
0.02514,2.514,0.04993322708651249
0.02521,2.521,0.05005389808684413
0.02528,2.528,0.05017455520828662
0.02536,2.536,0.05031243441044353
0.02543,2.543,0.05043306825973559
0.0255,2.55,0.05055368800640281
0.02557,2.557,0.05067429270457069
0.02564,2.564,0.0507948760259751
0.02571,2.571,0.05091544674542092
0.02579,2.579,0.05105322412964597
0.02586,2.5860000000000003,0.051173766833017
0.02593,2.593,0.05129429943553987
0.02601,2.601,0.0514320400179713
0.02608,2.608,0.05155254610508564
0.02615,2.6149999999999998,0.05167303582311433
0.02623,2.6229999999999998,0.05181072403865983
0.0263,2.63,0.05193118853458145
0.02637,2.637,0.05205164350991254
0.02645,2.645,0.05218929639340786
0.02652,2.6519999999999997,0.05230973479228851
0.0266,2.6599999999999997,0.05244735756605223
0.02667,2.667,0.052567761102181976
0.02675,2.675,0.05270534859300824
0.02682,2.682,0.05282572614851233
0.0269,2.69,0.052963288169848965
0.02697,2.697,0.05308364580014313
0.02705,2.705,0.05322118206822779
0.02713,2.713,0.053358692855908885
0.0272,2.7199999999999998,0.0534789996490872
0.02728,2.7279999999999998,0.053616480456184945
0.02736,2.7359999999999998,0.05375394362818042
0.02743,2.743,0.05387421333944076
0.02751,2.751,0.054011650070606265
0.02759,2.759,0.05414906995611091
0.02766,2.766,0.054269296742859297
0.02774,2.774,0.05440669076051563
0.02782,2.782,0.05454406805620238
0.0279,2.79,0.05468143088000943
0.02798,2.798,0.05481877907914168
0.02806,2.806,0.054956109283011756
0.02814,2.814,0.05509341766992293
0.02821,2.8209999999999997,0.05521354774464271
0.02829,2.8289999999999997,0.055350818916849676
0.02837,2.8369999999999997,0.05548805568287207
0.02845,2.8449999999999998,0.05562527748043067
0.02853,2.8529999999999998,0.05576247930366662
0.02861,2.861,0.055899655859320774
0.02869,2.869,0.05603681801221683
0.02878,2.878,0.0561911070599308
0.02886,2.886,0.05632823363339412
0.02894,2.894,0.05646534584229812
0.02902,2.902,0.05660244611863163
0.0291,2.91,0.05673952209690469
0.02918,2.918,0.05687657950875291
0.02926,2.926,0.05701362378385966
0.02935,2.935,0.05716777020643349
0.02943,2.943,0.057304779347759904
0.02951,2.951,0.05744177506494452
0.0296,2.96,0.05759587833745172
0.02968,2.968,0.0577328391282208
0.02976,2.976,0.05786978263859055
0.02985,2.9850000000000003,0.058023825571581256
0.02993,2.993,0.058160733793556574
0.03002,3.0020000000000002,0.058314739842899144
0.0301,3.01,0.05845162034165696
0.03018,3.018,0.05858848310163012
0.03027,3.0269999999999997,0.05874243823745928
0.03035,3.0349999999999997,0.05887926617106132
0.03044,3.044,0.059033174151409185
0.03053,3.053,0.05918705768817745
0.03061,3.061,0.05932382619539567
0.0307,3.0700000000000003,0.059477675587913836
0.03078,3.078,0.05961441202634887
0.03087,3.087,0.05976822687625827
0.03096,3.096,0.059922021930105984
0.03105,3.105,0.0600758083146502
0.03113,3.113,0.06021249009427265
0.03122,3.1220000000000003,0.06036621723615099
0.03131,3.131,0.06051992013817653
0.0314,3.1399999999999997,0.0606735933379241
0.03148,3.148,0.060810174409198225
0.03157,3.157,0.06096381512543303
0.03166,3.166,0.061117440624002484
0.03175,3.175,0.06127104378720105
0.03184,3.184,0.061424628689565
0.03193,3.193,0.06157819697364175
0.03202,3.202,0.061731740561299375
0.03211,3.211,0.0618852632233029
0.0322,3.2199999999999998,0.06203876098334149
0.03229,3.229,0.06219223421430797
0.03238,3.238,0.06234568175204913
0.03247,3.247,0.062499117291736184
0.03257,3.257,0.06266957318257482
0.03266,3.266,0.06282295610617439
0.03275,3.2750000000000004,0.06297632160385547
0.03284,3.2840000000000003,0.06312966934092401
0.03293,3.293,0.06328299585584318
0.03303,3.3029999999999995,0.06345333214630955
0.03312,3.312,0.06360661421786062
0.03321,3.321,0.0637598736138898
0.03331,3.331,0.06393014073182712
0.0334,3.34,0.064083368593856
0.03349,3.3489999999999998,0.06423657645427738
0.03359,3.359,0.06440678504259267
0.03368,3.3680000000000003,0.06455995811484172
0.03378,3.3779999999999997,0.06473012434616976
0.03387,3.3869999999999996,0.06488325237114623
0.03397,3.3970000000000002,0.06505336328518752
0.03406,3.406,0.06520643866315368
0.03416,3.4160000000000004,0.06537650466088962
0.03426,3.4259999999999997,0.06554655650506902
0.03435,3.435,0.06569958665386366
0.03445,3.4450000000000003,0.0658695842303132
0.03455,3.4549999999999996,0.06603955306127318
0.03464,3.4639999999999995,0.06619250839867163
0.03474,3.474,0.06636242822060012
0.03484,3.4840000000000004,0.0665323205448658
0.03494,3.4939999999999998,0.06670219408988487
0.03504,3.504,0.0668720491539716
0.03513,3.5130000000000003,0.06702490278439655
0.03523,3.5229999999999997,0.06719471559335943
0.03533,3.533,0.06736450794778648
0.03543,3.543,0.06753427240255405
0.03553,3.553,0.06770401158792083
0.03563,3.563,0.06787372353574028
0.03573,3.573,0.06804340444068657
0.03583,3.583,0.0682130614786729
0.03593,3.5929999999999995,0.06838268911815248
0.03603,3.6029999999999998,0.06855228882159281
0.03614,3.614,0.06873882148647681
0.03624,3.624,0.06890837288847251
0.03634,3.634,0.06907789668912301
0.03644,3.644,0.06924740211979952
0.03654,3.6540000000000004,0.06941688883853203
0.03665,3.665,0.06960330914262158
0.03675,3.675,0.06977276337238436
0.03685,3.685,0.06994219507578237
0.03696,3.696,0.07012854573440563
0.03706,3.7060000000000004,0.07029793704896292
0.03717,3.717,0.0704842372379062
0.03727,3.727,0.07065358619911422
0.03738,3.7379999999999995,0.07083984832206625
0.03748,3.7479999999999998,0.07100915993032686
0.03759,3.759,0.07119538577171625
0.03769,3.769,0.07136466008523712
0.0378,3.7800000000000002,0.07155083509496762
0.03791,3.791,0.07173699036320613
0.03801,3.801,0.07190619190259895
0.03812,3.8120000000000003,0.07209228123610956
0.03823,3.823,0.07227834495461138
0.03833,3.833,0.07244747509139415
0.03844,3.8440000000000003,0.07263347818116017
0.03855,3.855,0.07281944317946909
0.03866,3.866,0.07300538217896246
0.03877,3.877,0.07319129476854869
0.03888,3.888,0.07337718594135367
0.03899,3.8989999999999996,0.07356305008943309
0.0391,3.91,0.0737488766462775
0.03921,3.9210000000000003,0.07393467586916813
0.03932,3.932,0.07412044901502668
0.03943,3.943,0.07430618645412324
0.03954,3.9539999999999997,0.07449190336410538
0.03965,3.965,0.07467760437975812
0.03976,3.9759999999999995,0.07486328694903932
0.03987,3.987,0.07504893270561297
0.03999,3.9989999999999997,0.07525142256781692
0.0401,4.01,0.07543701132271963
0.04021,4.021,0.07562257528661576
0.04032,4.032,0.07580811479965632
0.04044,4.044,0.07601050384982955
0.04055,4.055000000000001,0.07619600408543192
0.04067,4.067,0.07639833061148238
0.04078,4.077999999999999,0.07658375683422491
0.04089,4.089,0.07676915945739893
0.04101,4.101,0.07697139618903748
0.04113,4.1129999999999995,0.07717359119851608
0.04124,4.124,0.07735888921342848
0.04136,4.136,0.07756100126061938
0.04147,4.147,0.07774624683224829
0.04159,4.159,0.07794830844795797
0.04171,4.170999999999999,0.07815034011946409
0.04183,4.183,0.07835234428603144
0.04194,4.194,0.0785374914194108
0.04206,4.206,0.07873945128449122
0.04218,4.218,0.07894137932635203
0.0423,4.2299999999999995,0.0791432722890022
0.04242,4.242,0.0793451343979541
0.04254,4.2540000000000004,0.07954696421438712
0.04266,4.266,0.0797487656091107
0.04278,4.278,0.07995053908234695
0.0429,4.29,0.08015228827753162
0.04302,4.3020000000000005,0.08035401243614615
0.04314,4.314,0.08055568978306837
0.04326,4.326,0.08075733574878541
0.04338,4.338,0.08095894681355276
0.0435,4.35,0.08116053182675387
0.04363,4.363,0.081378877051975
0.04375,4.375,0.0815803907062218
0.04387,4.387,0.0817818898922269
0.044,4.3999999999999995,0.08200014727299276
0.04412,4.412,0.08220158204130712
0.04424,4.424,0.08240299337558099
0.04437,4.437,0.0826211718886043
0.04449,4.449,0.08282254719233606
0.04462,4.462,0.08304067159406259
0.04475,4.475,0.0832587407057872
0.04487,4.487,0.08346000575511425
0.045,4.5,0.0836780153476866
0.04512,4.5120000000000005,0.0838792290778656
0.04525,4.5249999999999995,0.08409718481561868
0.04538,4.537999999999999,0.08431510766604333
0.04551,4.551,0.08453299756183696
0.04563,4.563,0.0847340906602767
0.04576,4.5760000000000005,0.08495192270311236
0.04589,4.589,0.08516972863617411
0.04602,4.601999999999999,0.08538750532716222
0.04615,4.614999999999999,0.08560524333188368
0.04628,4.628,0.08582295437554421
0.04641,4.641,0.08604063498023606
0.04654,4.654,0.08625828976801131
0.04667,4.667000000000001,0.08647591812587052
0.0468,4.68,0.08669352079959936
0.04694,4.694,0.08692783406331728
0.04707,4.707,0.08714538138156058
0.0472,4.72,0.08736289892840432
0.04733,4.733,0.08758037594452617
0.04747,4.747,0.08781453879419132
0.0476,4.760000000000001,0.08803194142819848
0.04773,4.773000000000001,0.08824931078197551
0.04787,4.787,0.08848336826486047
0.048,4.8,0.08870067202587961
0.04814,4.814,0.08893464390530426
0.04827,4.827,0.0891518772332347
0.04841,4.841,0.0893857760620449
0.04855,4.855,0.08961963144611218
0.04868,4.868,0.08983674920091289
0.04882,4.882000000000001,0.09007052445667796
0.04896,4.896,0.09030426959725446
0.0491,4.91,0.09053798568311322
0.04923,4.923,0.09075497374942643
0.04937,4.936999999999999,0.09098861741949804
0.04951,4.951,0.09122221733196056
0.04965,4.965,0.09145578954667144
0.04979,4.979,0.09168934120134509
0.04993,4.993,0.09192285991048266
0.05007,5.007000000000001,0.09215634123938798
0.05021,5.021,0.09238979469046171
0.05035,5.035,0.0926232089932455
0.0505,5.050000000000001,0.09287326038429455
0.05064,5.064,0.09310660920345981
0.05078,5.078,0.09333992859319551
0.05092,5.092,0.09357321756397141
0.05107,5.106999999999999,0.093823129818702
0.05121,5.1209999999999996,0.09405635143230029
0.05135,5.135,0.0942895514126576
0.0515,5.1499999999999995,0.09453938187289168
0.05164,5.164,0.0947725376499875
0.05179,5.179,0.09502231090664282
0.05194,5.194,0.09527204562800762
0.05208,5.208,0.09550510176632088
0.05223,5.223,0.09575476520512893
0.05238,5.238,0.09600439320820442
0.05252,5.252,0.09623734491106006
0.05267,5.267,0.09648690020003414
0.05282,5.282,0.09673641665176547
0.05297,5.297000000000001,0.09698588735773228
0.05312,5.312,0.09723531847157574
0.05327,5.327,0.0974847143424995
0.05342,5.3420000000000005,0.09773407947250234
0.05357,5.357,0.097983404810293
0.05372,5.372,0.09823269953994895
0.05387,5.3870000000000005,0.09848196339771675
0.05402,5.402,0.0987311917488114
0.05417,5.417000000000001,0.09898037730090437
0.05433,5.433000000000001,0.09924612413306022
0.05448,5.448,0.09949522102579067
0.05463,5.463,0.09974428648456524
0.05479,5.479,0.10000991065317066
0.05494,5.494000000000001,0.1002588968112832
0.05509,5.509,0.1005078436792246
0.05525,5.525,0.10077332478249446
0.05541,5.541,0.10103875452296052
0.05556,5.556,0.1012875557262305
0.05572,5.572,0.10155289304930193
0.05587,5.587000000000001,0.10180159425908641
0.05603,5.603000000000001,0.10206683573960618
0.05619,5.619,0.10233202503513894
0.05635,5.635,0.10259714789026475
0.05651,5.651,0.10286221466776624
0.05667,5.667,0.10312723177776206
0.05683,5.683,0.10339220750392997
0.05699,5.699,0.10365714445651975
0.05715,5.715,0.10392203991614224
0.05731,5.731,0.10418690195001545
0.05747,5.747,0.10445173130574403
0.05763,5.763,0.10471651902844314
0.05779,5.779,0.10498125599769992
0.05795,5.795,0.10524594231537776
0.05812,5.811999999999999,0.10552711145282956
0.05828,5.827999999999999,0.10579169276934408
0.05845,5.845000000000001,0.10607274487665563
0.05861,5.861000000000001,0.10633720582700334
0.05878,5.878,0.10661815936146013
0.05894,5.894,0.10688253754233301
0.05911,5.9110000000000005,0.10716335829056334
0.05927,5.9270000000000005,0.1074275973442127
0.05944,5.944,0.10770829302782658
0.05961,5.961,0.10798892197635723
0.05978,5.978,0.10826949816328124
0.05994,5.994,0.10853352507183445
0.06011,6.010999999999999,0.10881398517994967
0.06028,6.0280000000000005,0.10909437033114955
0.06045,6.045,0.1093746820515662
0.06062,6.062,0.10965492295144941
0.06079,6.079,0.1099351000302704
0.06096,6.096,0.11021523854287807
0.06113,6.1129999999999995,0.11049534066296474
0.06131,6.131,0.11079185655034962
0.06148,6.148,0.11107184964384942
0.06165,6.165,0.11135179040684307
0.06183,6.183000000000001,0.11164814895710151
0.062,6.2,0.11192797969306412
0.06218,6.218,0.11222421107595437
0.06235,6.235,0.11250394448506995
0.06253,6.253,0.1128000666576554
0.0627,6.2700000000000005,0.11307966341883002
0.06288,6.288,0.11337564831410418
0.06306,6.306000000000001,0.11367157714084897
0.06323,6.3229999999999995,0.11395102326969209
0.06341,6.340999999999999,0.1142468450452725
0.06359,6.358999999999999,0.11454257677360147
0.06377,6.376999999999999,0.11483823579146701
0.06395,6.3950000000000005,0.11513382769589953
0.06413,6.413,0.11542934789940773
0.06431,6.431000000000001,0.11572481327129935
0.06449,6.449000000000001,0.11602021928774775
0.06467,6.4670000000000005,0.11631556503743923
0.06485,6.485,0.11661082978935156
0.06504,6.5040000000000004,0.11692241746095533
0.06522,6.522,0.11721753973870364
0.0654,6.54,0.1175125963636674
0.06559,6.558999999999999,0.11782396556554886
0.06577,6.577,0.11811889603632153
0.06596,6.596,0.1184301445937308
0.06614,6.614000000000001,0.11872492525981215
0.06633,6.633,0.11903601141602849
0.06652,6.651999999999999,0.11934702147300413
0.0667,6.67,0.11964159093076887
0.06689,6.689,0.11995245704201807
0.06708,6.708,0.12026323076497647
0.06727,6.726999999999999,0.12057392123642785
0.06746,6.746,0.12088454119657399
0.06765,6.765000000000001,0.12119507670286112
0.06784,6.784,0.12150553161700373
0.06803,6.802999999999999,0.12181592215711134
0.06822,6.822,0.12212621622529696
0.06841,6.841,0.12243642931389331
0.0686,6.859999999999999,0.12274656575573317
0.0688,6.88,0.12307294652237033
0.06899,6.898999999999999,0.12338292789900152
0.06919,6.9190000000000005,0.12370914130588062
0.06938,6.938,0.1240189740419737
0.06958,6.958,0.12434499770461116
0.06977,6.977,0.12465463361513685
0.06997,6.997000000000001,0.12498050756585144
0.07017,7.0169999999999995,0.12530630799665232
0.07036,7.0360000000000005,0.12561576741245517
0.07056,7.056,0.12594146359697334
0.07076,7.0760000000000005,0.1262670945143327
0.07096,7.095999999999999,0.12659264147441718
0.07116,7.116,0.12691810159594752
0.07136,7.136000000000001,0.12724345079186605
0.07156,7.156,0.12756868990254588
0.07176,7.176,0.12789380675530992
0.07196,7.196,0.12821882017306052
0.07217,7.217,0.12855999630301085
0.07237,7.237,0.12888484762697772
0.07257,7.257,0.12920960807969095
0.07278,7.278,0.1295505378566304
0.07298,7.298,0.12987515516033454
0.07319,7.319000000000001,0.1302158919716021
0.07339,7.3389999999999995,0.1305403142087016
0.0736,7.359999999999999,0.13088088190124836
0.07381,7.381,0.13122135273988533
0.07402,7.402,0.13156173630522972
0.07422,7.422,0.13188581067879568
0.07443,7.443,0.13222597591266094
0.07464,7.4639999999999995,0.13256601644388866
0.07485,7.485,0.13290596465776616
0.07506,7.506,0.1332458118595241
0.07527,7.527,0.13358556301500357
0.07549,7.549,0.13394137742398016
0.0757,7.57,0.13428094481787411
0.07591,7.591,0.13462043773688492
0.07613,7.613,0.1349759987424477
0.07634,7.634,0.13531529571810097
0.07656,7.656000000000001,0.1356706494698301
0.07677,7.6770000000000005,0.13600976445195556
0.07699,7.699,0.13636487555413623
0.0772,7.720000000000001,0.13670372720298474
0.07742,7.742,0.13705862785900536
0.07764,7.764,0.13741341915738303
0.07786,7.786,0.13776812311152753
0.07808,7.808,0.13812272882569232
0.0783,7.829999999999999,0.13847720367084548
0.07852,7.852,0.13883157941745594
0.07874,7.8740000000000006,0.13918584996463323
0.07896,7.896,0.13953999101249792
0.07918,7.918,0.1398940193994349
0.07941,7.941,0.14026399752219731
0.07963,7.963000000000001,0.14061777596180036
0.07985,7.985,0.14097144207335077
0.08008,8.008,0.14134107969221077
0.0803,8.03,0.1416945153141569
0.08053,8.053,0.14206388818274718
0.08076,8.076,0.14243313736187702
0.08098,8.097999999999999,0.14278622251731576
0.08121,8.121,0.1431552219146397
0.08144,8.144,0.14352409478124173
0.08167,8.167,0.1438928300376574
0.0819,8.19,0.14426138510134479
0.08213,8.213,0.14462978547271632
0.08236,8.236,0.14499807279025845
0.08259,8.259,0.14536625562686822
0.08283,8.283,0.14575030355081253
0.08306,8.306,0.14611823139421176
0.08329,8.329,0.14648604948342836
0.08353,8.353,0.14686973404423043
0.08376,8.376,0.14723730736477592
0.084,8.4,0.1476207280447852
0.08424,8.424,0.14800401182219503
0.08447,8.447000000000001,0.14837120921220048
0.08471,8.471,0.14875426668004366
0.08495,8.495,0.14913722006167518
0.08519,8.519,0.14952006578278088
0.08543,8.543000000000001,0.14990280044730753
0.08567,8.567,0.15028541292667796
0.08591,8.591,0.15066790014861908
0.08615,8.615,0.1510502502824238
0.08639,8.639,0.1514324823692732
0.08664,8.664,0.15183050419364008
0.08688,8.688,0.15221247608315025
0.08713,8.713,0.15261021023616195
0.08737,8.737,0.15299192840029718
0.08762,8.762,0.15338942254493304
0.08786,8.786,0.153770910734238
0.08811,8.811,0.1541681624312332
0.08836,8.835999999999999,0.15456528522190638
0.08861,8.860999999999999,0.15496227478433866
0.08886,8.886,0.15535909327263653
0.08911,8.911,0.15575576818628178
0.08936,8.936,0.1561523012314865
0.08961,8.961,0.1565486957297253
0.08986,8.985999999999999,0.15694494018862315
0.09012,9.012,0.15735684336505074
0.09037,9.037,0.15775276738895627
0.09062,9.062000000000001,0.15814851336108404
0.09088,9.088000000000001,0.1585599733170966
0.09113,9.113,0.15895542042926536
0.09139,9.139,0.15936650522780837
0.09165,9.165,0.1597774134879728
0.09191,9.191,0.16018816562245775
0.09217,9.217,0.1605987698367244
0.09242,9.242,0.16099345402835752
0.09269,9.269,0.16141954515842372
0.09295,9.295,0.1618296992364776
0.09321,9.321,0.16223969002385275
0.09347,9.347,0.16264948828211345
0.09373,9.373,0.16305912466486916
0.094,9.4,0.1634843731608271
0.09426,9.426,0.1638937244661065
0.09453,9.453,0.1643186616111052
0.09479,9.479,0.16472773250461614
0.09506,9.506,0.16515240182343405
0.09533,9.533,0.16557690242007084
0.0956,9.56,0.16600119717622874
0.09587,9.587,0.1664252842510905
0.09614,9.614,0.16684918922874203
0.09641,9.641,0.16727293468829885
0.09668,9.668000000000001,0.16769645484964713
0.09695,9.695,0.1681197554044047
0.09722,9.722,0.168542895336941
0.0975,9.75,0.16898152626527008
0.09777,9.777,0.16940433708805358
0.09805,9.805,0.16984260716890276
0.09832,9.832,0.17026506708498346
0.0986,9.86,0.17070306105415511
0.09888,9.888,0.17114091810799437
0.09916,9.916,0.1715785466840316
0.09943,9.943,0.1720003829759662
0.09971,9.971,0.1724376206893794
0.1,10.0,0.17289026906837535
0.10028,10.027999999999999,0.17332711628296238
0.10056,10.056,0.17376374967170705
0.10084,10.084,0.17420017777840258
0.10113,10.113,0.17465196168450348
0.10141,10.141,0.17508795454523352
0.1017,10.17,0.17553934633724566
0.10198,10.198,0.17597501435921004
0.10227,10.227,0.17642607928610232
0.10256,10.256,0.17687690814454982
0.10285,10.285,0.17732748558228195
0.10314,10.314,0.17777786743499746
0.10343,10.343,0.1782280622410326
0.10372,10.372,0.17867802409091382
0.10401,10.401,0.17912775078730192
0.1043,10.43,0.17957727536486345
0.1046,10.459999999999999,0.1800421134903445
0.10489,10.488999999999999,0.180491295093816
0.10519,10.519,0.18095578415886848
0.10548,10.548,0.18140459330243175
0.10578,10.578,0.1818686532387801
0.10608,10.607999999999999,0.18233242690803309
0.10638,10.638,0.18279594935847854
0.10668,10.668,0.18325925311910396
0.10698,10.698,0.1837223192142119
0.10728,10.728,0.18418510246556252
0.10758,10.758,0.18464763279916951
0.10788,10.788,0.18510993550808053
0.10819,10.818999999999999,0.1855874238681281
0.10849,10.849,0.18604925693762198
0.1088,10.879999999999999,0.18652618053238257
0.1091,10.91,0.18698745878100453
0.10941,10.940999999999999,0.1874638939389115
0.10972,10.972,0.1879401397818583
0.11003,11.003,0.18841619322120096
0.11034,11.033999999999999,0.18889207140637154
0.11065,11.065,0.18936775614201906
0.11096,11.096,0.18984318609363982
0.11127,11.126999999999999,0.19031840175921388
0.11158,11.158,0.19079338468327478
0.1119,11.19,0.1912834666436538
0.11221,11.221,0.19175799458025722
0.11253,11.253,0.19224762413250573
0.11285,11.285,0.19273700509074843
0.11316,11.315999999999999,0.19321090547055064
0.11348,11.347999999999999,0.1936999324552744
0.1138,11.379999999999999,0.19418879105433007
0.11412,11.411999999999999,0.19467735110629292
0.11444,11.444,0.195165660753446
0.11477,11.477,0.1956689765511328
0.11509,11.509,0.1961567622174698
0.11541,11.541,0.19664427018597053
0.11574,11.574,0.19714670897428732
0.11606,11.606,0.19763371940007346
0.11639,11.639,0.198135704278684
0.11672,11.672,0.1986374318767048
0.11705,11.705,0.1991388867263595
0.11738,11.738,0.19964001169682888
0.11771,11.770999999999999,0.20014082358557062
0.11804,11.804,0.20064136779001274
0.11837,11.837,0.20114168159761903
0.1187,11.87,0.20164177239075798
0.11904,11.904,0.20215672699760034
0.11937,11.937000000000001,0.20265624236435542
0.11971,11.971,0.2031705787867395
0.12005,12.005,0.20368466247600736
0.12038,12.038,0.2041833724370008
0.12072,12.072,0.2046969585617262
0.12106,12.106,0.20521026961432653
0.1214,12.139999999999999,0.2057233170944528
0.12175,12.174999999999999,0.2062511516360246
0.12209,12.209,0.20676359634217079
0.12243,12.243,0.20727576583522023
0.12278,12.278,0.2078027483948972
0.12312,12.312,0.2083143536492571
0.12347,12.347,0.20884074276455067
0.12382,12.382,0.2093668259176411
0.12417,12.417,0.209892650817892
0.12451,12.450999999999999,0.21040317692495591
0.12487,12.487,0.21094347246707912
0.12522,12.522,0.21146846762803762
0.12557,12.556999999999999,0.21199319101560832
0.12592,12.592,0.2125176278714207
0.12628,12.628,0.21305674279392406
0.12663,12.662999999999998,0.21358063154093543
0.12699,12.699,0.21411917244404322
0.12735,12.735,0.21465741157953744
0.12771,12.770999999999999,0.21519536790856364
0.12807,12.806999999999999,0.2157330085274225
0.12843,12.842999999999998,0.2162703495596361
0.12879,12.879,0.21680740745978255
0.12915,12.915,0.21734415631999582
0.12951,12.950999999999999,0.21788058672791522
0.12988,12.988,0.2184315786444131
0.13024,13.024,0.21896733383528044
0.13061,13.061,0.21951758921568398
0.13098,13.098,0.22006756193059118
0.13135,13.135,0.22061730545192404
0.13172,13.172,0.22116676905170607
0.13209,13.209000000000001,0.22171591547794378
0.13246,13.245999999999999,0.22226471528210823
0.13283,13.283000000000001,0.22281320134425187
0.13321,13.321,0.2233762472123999
0.13358,13.358,0.22392419872358005
0.13396,13.395999999999999,0.22448668658398674
0.13433,13.433,0.22503409694763832
0.13471,13.471,0.22559593107234832
0.13509,13.508999999999999,0.226157466823679
0.13547,13.547,0.22671871918737452
0.13585,13.584999999999999,0.22727962448880135
0.13624,13.624,0.22785497582572134
0.13662,13.661999999999999,0.22841519792382314
0.137,13.700000000000001,0.22897506578192406
0.13739,13.739,0.22954929329080187
0.13778,13.778000000000002,0.23012324012233876
0.13817,13.816999999999998,0.23069683628909843
0.13855,13.855,0.23125539504235348
0.13894,13.894,0.2318283325421362
0.13934,13.934,0.23241562544899352
0.13973,13.972999999999999,0.23298791931119922
0.14012,14.011999999999999,0.2335599252492102
0.14052,14.052000000000001,0.2341463176499019
0.14091,14.091000000000001,0.23471779206829524
0.14131,14.130999999999998,0.23530365007445653
0.14171,14.171,0.2358892036445468
0.14211,14.210999999999999,0.2364744414744564
0.14251,14.251,0.23705941452499246
0.14291,14.291,0.23764415289679164
0.14331,14.331,0.23822855547223298
0.14371,14.371,0.238812676066118
0.14412,14.411999999999999,0.23941108706276282
0.14452,14.452000000000002,0.23999457204354258
0.14493,14.493,0.24059234733704216
0.14534,14.533999999999999,0.2411898372683936
0.14575,14.575,0.24178696750277595
0.14616,14.616000000000001,0.2423838588010767
0.14657,14.657,0.24298047397496703
0.14698,14.698,0.24357677979605796
0.1474,14.74,0.24418728504406317
0.14781,14.780999999999999,0.24478292344610963
0.14823,14.823,0.2453927253254733
0.14864,14.863999999999999,0.24598768258238124
0.14906,14.906,0.246596845181557
0.14948,14.948,0.24720574413095164
0.1499,14.99,0.24781438979698578
0.15032,15.032,0.2484226863080039
0.15075,15.075,0.24904515102571168
0.15117,15.116999999999999,0.24965278585295891
0.1516,15.160000000000002,0.2502745566353042
0.15202,15.201999999999998,0.2508816141062198
0.15245,15.245000000000001,0.25150282349477493
0.15288,15.287999999999998,0.2521237394557829
0.15331,15.331,0.2527443195458545
0.15374,15.373999999999999,0.253364592475009
0.15418,15.418000000000001,0.25399895437476516
0.15461,15.461,0.2546185823957785
0.15505,15.504999999999999,0.2552523564945659
0.15548,15.548,0.25587142508993566
0.15592,15.592,0.25650458800828346
0.15636,15.636,0.25713744310996844
0.1568,15.68,0.2577699863913949
0.15724,15.723999999999998,0.25840223372324544
0.15768,15.767999999999999,0.2590341380728205
0.15813,15.812999999999999,0.25968002685476677
0.15857,15.857,0.2603111705984702
0.15902,15.902,0.2609562927782463
0.15947,15.947,0.26160105928101984
0.15992,15.992,0.2622455097907732
0.16037,16.037000000000003,0.2628896257174347
0.16082,16.082,0.26353341396588803
0.16127,16.127,0.26417685149772296
0.16173,16.173000000000002,0.2648341826861724
0.16218,16.218,0.26547681775809906
0.16264,16.264,0.2661334102140245
0.1631,16.31,0.26678964455732057
0.16355,16.355,0.2674312546623696
0.16401,16.401,0.2680868440938866
0.16448,16.448,0.2687563037015934
0.16494,16.494,0.26941123326469096
0.1654,16.54,0.2700658358535293
0.16587,16.587,0.27073437766830466
0.16634,16.634,0.2714025796749411
0.16681,16.681,0.2720704227767783
0.16727,16.727,0.272723711238541
0.16775,16.775000000000002,0.2734050379285691
0.16822,16.822,0.27407181946909986
0.16869,16.869,0.27473831009683636
0.16917,16.916999999999998,0.2754185744206552
0.16964,16.964000000000002,0.27608426970073197
0.17012,17.012,0.2767637900860791
0.1706,17.06,0.2774430062399915
0.17108,17.108,0.27812190859458497
0.17156,17.156,0.27880040156924224
0.17204,17.204,0.27947854272315453
0.17253,17.253,0.28017043675299647
0.17301,17.301,0.28084780335848336
0.1735,17.349999999999998,0.28153890029352624
0.17399,17.399,0.2822295786891118
0.17448,17.448,0.28291990602428996
0.17497,17.497,0.2836098365723956
0.17546,17.546,0.28429940892874583
0.17596,17.596,0.28500270137010375
0.17645,17.645,0.2856916047885534
0.17695,17.695,0.2863942163012325
0.17745,17.745,0.2870964160811127
0.17795,17.794999999999998,0.28779821383250237
0.17845,17.845,0.2884997034243497
0.17895,17.895,0.2892007729278703
0.17946,17.946,0.28991549183319876
0.17996,17.996000000000002,0.2906158326568402
0.18047,18.047,0.2913298306557408
0.18098,18.098,0.2920435150344929
0.18148,18.148,0.29274283607173857
0.182,18.2,0.2934696831034671
0.18251,18.251,0.29418205595175095
0.18302,18.302,0.2948939403240729
0.18354,18.354,0.29561934647244925
0.18405,18.404999999999998,0.2963303801516304
0.18457,18.457,0.29705492509492615
0.18509,18.509,0.2977790898321473
0.18561,18.561,0.2985028404646073
0.18614,18.614,0.2992401128403799
0.18666,18.666,0.2999630791155141
0.18719,18.719,0.3006995766227192
0.18771,18.770999999999997,0.3014217815325537
0.18824,18.823999999999998,0.30215748200589587
0.18877,18.877,0.30289271943729545
0.1893,18.93,0.3036275698677855
0.18984,18.984,0.30437582525519247
0.19037,19.037000000000003,0.3051097896604915
0.19091,19.091,0.3058571209667207
0.19144,19.144,0.3065902839325645
0.19198,19.198,0.30733694619266316
0.19252,19.252,0.3080831834140554
0.19306,19.306,0.308828990814618
0.19361,19.361,0.309588236057607
0.19415,19.415,0.3103333261660737
0.1947,19.470000000000002,0.311091807201592
0.19525,19.525000000000002,0.31184978145029163
0.1958,19.580000000000002,0.31260726296568464
0.19635,19.634999999999998,0.313364315956278
0.1969,19.689999999999998,0.3141209917166634
0.19746,19.746,0.3148909606898087
0.19801,19.801,0.31564679024540965
0.19857,19.857,0.31641591511106526
0.19913,19.913,0.31718461019499955
0.19969,19.969,0.31795287909608305
0.20025,20.025000000000002,0.318720747349289
0.20082,20.082,0.31950198783397354
0.20138,20.138,0.32026915186361293
0.20195,20.195,0.32104962852918106
0.20252,20.252,0.32182966901382315
0.20309,20.308999999999997,0.32260924457204965
0.20366,20.366,0.32338840834836446
0.20423,20.423,0.3241671478135686
0.20481,20.480999999999998,0.3249591728917949
0.20538,20.538,0.32573714174941415
0.20596,20.596,0.32652837694695336
0.20654,20.654,0.3273192244132588
0.20712,20.712,0.32810963003703364
0.20771,20.771,0.328913274435763
0.20829,20.829,0.32970291287620057
0.20888,20.888,0.33050574190201587
0.20947,20.947,0.33130815120148327
0.21006,21.006,0.3321101499332144
0.21065,21.065,0.33291163308240357
0.21124,21.124000000000002,0.3337126554824863
0.21183,21.183,0.3345131895530358
0.21243,21.243000000000002,0.33532680310054275
0.21303,21.303,0.33614001299883967
0.21363,21.363,0.3369528296561839
0.21423,21.423000000000002,0.33776514747933106
0.21483,21.483,0.33857708699360956
0.21544,21.544,0.33940220125805354
0.21605,21.605,0.34022690823530866
0.21665,21.665,0.3410377041445827
0.21726,21.726,0.34186151864741987
0.21787,21.787,0.34268475014505384
0.21849,21.849,0.3435209940053028
0.2191,21.91,0.3443432895646765
0.21972,21.972,0.34517866120586405
0.22034,22.034000000000002,0.34601368614949024
0.22096,22.096,0.3468482758007667
0.22158,22.158,0.3476824611589109
0.22221,22.221,0.3485295744139876
0.22283,22.283,0.34936275923155335
0.22346,22.346,0.3502089742969474
0.22409,22.409000000000002,0.3510547331543421
0.22472,22.472,0.3518999835732757
0.22535,22.535,0.35274473392837535
0.22599,22.599,0.3536024714458108
0.22662,22.662,0.35444635888961784
0.22726,22.726,0.3553031816591101
0.2279,22.79,0.356159558177751
0.22854,22.854,0.3570154697372345
0.22918,22.918,0.357870948636446
0.22983,22.983,0.35873933536731784
0.23048,23.048,0.35960723071093526
0.23113,23.113,0.36047461445105
0.23178,23.178,0.3613415040745167
0.23243,23.243,0.36220799008515314
0.23308,23.308,0.36307405347270105
0.23374,23.374,0.363952984248499
0.2344,23.44,0.36483147416038264
0.23506,23.506,0.3657093590718432
0.23572,23.572000000000003,0.36658676107072097
0.23638,23.638,0.36746363009388006
0.23705,23.705000000000002,0.36835325578249467
0.23772,23.772,0.3692424045484586
0.23839,23.839,0.37013116396519763
0.23906,23.906,0.37101942514527764
0.23973,23.973,0.37190718883721274
0.2404,24.04,0.3727945223372444
0.24108,24.108,0.3736945942928287
0.24176,24.176000000000002,0.37459417468835454
0.24244,24.244,0.37549328857221553
0.24312,24.312,0.3763918738650318
0.24381,24.381,0.37730316637953365
0.24449,24.449,0.3782007843401516
0.24518,24.518,0.3791111172076853
0.24587,24.587,0.38002096137097396
0.24657,24.657,0.3809435118264446
0.24726,24.726,0.38185232914929657
0.24796,24.796000000000003,0.3827736825187458
0.24865,24.865000000000002,0.383681371736202
0.24935,24.935,0.3846016982133733
0.25006,25.006,0.3855346147383898
0.25076,25.075999999999997,0.3864538898997125
0.25147,25.147000000000002,0.3873857598846371
0.25217,25.217,0.3883039261900194
0.25288,25.288,0.3892347428427456
0.2536,25.36,0.39017817193052906
0.25431,25.430999999999997,0.39110801477181667
0.25503,25.502999999999997,0.3920504314601203
0.25574,25.574,0.3929792485641883
0.25646,25.646,0.39392054421387
0.25719,25.718999999999998,0.39487426593132113
0.25791,25.790999999999997,0.3958143960708185
0.25864,25.863999999999997,0.3967670214269674
0.25936,25.935999999999996,0.3977059512235428
0.2601,26.009999999999998,0.39867035640963877
0.26083,26.083000000000002,0.39962121828830277
0.26156,26.156000000000002,0.4005714422710298
0.2623,26.229999999999997,0.40153410497441655
0.26304,26.304,0.40249622814098984
0.26378,26.378,0.4034577177890242
0.26452,26.451999999999998,0.40441864034710306
0.26526,26.526,0.40537902716914687
0.26601,26.601000000000003,0.40635186880263063
0.26676,26.676,0.40732418521747604
0.26751,26.751,0.40829595851664635
0.26826,26.826,0.4092671967982824
0.26902,26.901999999999997,0.41025075588459003
0.26978,26.978,0.4112338097929751
0.27054,27.054000000000002,0.41221632215820136
0.2713,27.13,0.4131982203107327
0.27206,27.206000000000003,0.41417958393867593
0.27283,27.283,0.41517328106056084
0.2736,27.36,0.41616646039983607
0.27437,27.437,0.41715907610432623
0.27514,27.514,0.4181511279211918
0.27591,27.590999999999998,0.41914252852893696
0.27669,27.669,0.42014614322124544
0.27747,27.747,0.42114919139748963
0.27825,27.825,0.42215166849109664
0.27903,27.903,0.42315356579001673
0.27982,27.982000000000003,0.42416778948427236
0.28061,28.061000000000003,0.4251813986820707
0.2814,28.139999999999997,0.42619445750915474
0.28219,28.219,0.42720694002764503
0.28298,28.298000000000002,0.42821884691602463
0.28378,28.377999999999997,0.42924299463356874
0.28458,28.458,0.4302665913810415
0.28538,28.538000000000004,0.4312897144473027
0.28619,28.619,0.43232504226580204
0.28699,28.699,0.43334704697554116
0.2878,28.78,0.4343812948482082
0.28861,28.860999999999997,0.43541507586814987
0.28942,28.942,0.43644833004782413
0.29024,29.024,0.43749381908946816
0.29105,29.104999999999997,0.4385260312137689
0.29187,29.187,0.43957046642935893
0.29269,29.269000000000002,0.44061428264831193
0.29352,29.352,0.44167033730900584
0.29435,29.435,0.44272595053189434
0.29517,29.517,0.4437683328469575
0.29601,29.601,0.44483549529013544
0.29684,29.683999999999997,0.44588932777696755
0.29767,29.767,0.44694261309723515
0.29851,29.851,0.4480080331195495
0.29935,29.935000000000002,0.4490729052304232
0.3002,30.020000000000003,0.4501499871339547
0.30104,30.104,0.4512139159896833
0.30189,30.189,0.4522900093425051
0.30274,30.274,0.4533656248386251
0.30359,30.359,0.45444078871969396
0.30445,30.445,0.45552816454073763
0.3053,30.53,0.4566024515816025
0.30616,30.616,0.4576888738447451
0.30702,30.702,0.4587747962541471
0.30789,30.789,0.45987280256576923
0.30876,30.875999999999998,0.4609703069600073
0.30962,30.962,0.46205458761596674
0.3105,31.05,0.4631635473924689
0.31137,31.136999999999997,0.46425933703631017
0.31225,31.225,0.4653671590394879
0.31313,31.313000000000002,0.46647442919675086
0.31401,31.401,0.46758108681751764
0.31489,31.489,0.46868713332605694
0.31578,31.578,0.46980516708572395
0.31667,31.667,0.4709226149116148
0.31756,31.756,0.4720394257519729
0.31845,31.845000000000002,0.4731556846109015
0.31935,31.935000000000002,0.47428386853425764
0.32025,32.025,0.47541144735714624
0.32115,32.115,0.47653845129298134
0.32205,32.205,0.47766473327010317
0.32296,32.296,0.47880281471771013
0.32387,32.387,0.4799402453663788
0.32478,32.478,0.48107708993484266
0.3257,32.57,0.48222578454169707
0.32661,32.661,0.48336136524358153
0.32753,32.753,0.48450874912123254
0.32846,32.846,0.4856678038768223
0.32938,32.938,0.48681365112588537
0.33031,33.031,0.48797121387269726
0.33124,33.123999999999995,0.4891280489064229
0.33217,33.217,0.4902842233022966
0.33311,33.311,0.4914519886497146
0.33404,33.404,0.49260665752171917
0.33498,33.498,0.4937730419669606
0.33593,33.593,0.49495110571751866
0.33687,33.687,0.4961161057572099
0.33782,33.782000000000004,0.4972927543003607
0.33877,33.877,0.49846866936059087
0.33973,33.973,0.49965629006692325
0.34068,34.068,0.5008308330834552
0.34164,34.164,0.5020170562302155
0.3426,34.260000000000005,0.5032024557513068
0.34357,34.357,0.5043994761326758
0.34454,34.454,0.505595779352916
0.34551,34.551,0.5067913375060016
0.34648,34.648,0.5079861420772431
0.34745,34.745,0.5091802699353138
0.34843,34.843,0.5103859314513102
0.34941,34.941,0.5115908418511026
0.3504,35.04,0.5128072946718021
0.35138,35.138000000000005,0.5140107046954654
0.35237,35.237,0.5152257190811724
0.35336,35.336,0.5164399506129485
0.35436,35.436,0.5176655672030392
0.35536,35.536,0.5188904265278325
0.35636,35.636,0.520114429046771
0.35736,35.736000000000004,0.5213376148067255
0.35837,35.837,0.5225722168515858
0.35938,35.937999999999995,0.5238059226567202
0.36039,36.039,0.5250388601934901
0.3614,36.14,0.5262710492252154
0.36242,36.242000000000004,0.5275146836929707
0.36344,36.344,0.528757500458596
0.36446,36.446,0.5299995414725345
0.36549,36.549,0.5312530384371712
0.36652,36.652,0.5325057586815092
0.36755,36.754999999999995,0.5337577348582272
0.36859,36.858999999999995,0.535021206294914
0.36962,36.962,0.5362717436983075
0.37066,37.066,0.5375335934795658
0.37171,37.171,0.5388067781123027
0.37275,37.275000000000006,0.5400670518492916
0.3738,37.38,0.5413386742775401
0.37486,37.486000000000004,0.5426216858886619
0.37591,37.591,0.5438918974396074
0.37697,37.697,0.5451735634469514
0.37803,37.803,0.5464546037374021
0.3791,37.91,0.5477470480782358
0.38016,38.016,0.549026791462893
0.38123,38.123000000000005,0.5503179272091074
0.38231,38.231,0.5516205253106818
0.38338,38.338,0.5529104137494869
0.38446,38.446000000000005,0.554211623176343
0.38554,38.554,0.5555120751369031
0.38663,38.663,0.5568238681789808
0.38772,38.772,0.558134906748819
0.38881,38.881,0.5594451484221281
0.38991,38.991,0.5607665167817686
0.391,39.1,0.5620750166435755
0.3921,39.21,0.5633947838769018
0.39321,39.321,0.5647257593745962
0.39431,39.431,0.5660439487846816
0.39542,39.542,0.567373345186752
0.39654,39.654,0.568713867211045
0.39765,39.765,0.570041450172539
0.39877,39.877,0.5713800018611437
0.3999,39.989999999999995,0.5727295470360332
0.40102,40.102,0.5740662228172368
0.40215,40.215,0.5754139850550928
0.40328,40.328,0.5767608107462365
0.40442,40.442,0.5781185986024866
0.40556,40.556,0.5794753731997844
0.4067,40.67,0.5808310710481237
0.40785,40.785,0.5821975741373535
0.40899,40.899,0.5835510432052615
0.41014,41.014,0.5849152220880569
0.4113,41.13,0.5862902034314175
0.41246,41.246,0.5876640716496695
0.41362,41.362,0.5890367843912827
0.41478,41.478,0.5904084836665788
0.41595,41.595,0.5917907384755381
0.41712,41.711999999999996,0.5931717656412729
0.4183,41.83,0.5945633578503475
0.41947,41.947,0.595942026818193
0.42066,42.065999999999995,0.5973430413096139
0.42184,42.184,0.5987310766522569
0.42303,42.303000000000004,0.600129754227055
0.42422,42.422,0.6015272645845471
0.42541,42.541000000000004,0.6029235000833069
0.42661,42.661,0.6043302001589836
0.42781,42.781000000000006,0.605735634305347
0.42902,42.902,0.6071513640536068
0.43022,43.022,0.6085541238016958
0.43144,43.144,0.6099787730645403
0.43265,43.265,0.6113903849336566
0.43387,43.387,0.6128123288472125
0.43509,43.509,0.6142328986588836
0.43631,43.631,0.6156520868626103
0.43754,43.754,0.6170812658720024
0.43877,43.877,0.6185088604788689
0.44001,44.001000000000005,0.6199466302305154
0.44125,44.125,0.6213831580735132
0.44249,44.249,0.6228183772182092
0.44374,44.374,0.6242638116227681
0.44499,44.499,0.6257079547931426
0.44624,44.624,0.6271507032088266
0.4475,44.75,0.6286036988431078
0.44876,44.876,0.6300553899109218
0.45002,45.001999999999995,0.6315058326072176
0.45129,45.129000000000005,0.6329663300903121
0.45256,45.256,0.6344252087192217
0.45383,45.383,0.6358822118272656
0.45511,45.511,0.6373489527359197
0.45639,45.639,0.6388140896278856
0.45767,45.767,0.6402777315397543
0.45896,45.896,0.641751279541495
0.46026,46.026,0.6432347027175638
0.46155,46.155,0.6447052556250128
0.46285,46.285,0.6461855820534765
0.46415,46.415,0.6476642733086919
0.46546,46.546,0.6491527402613428
0.46677,46.677,0.6506398318697393
0.46809,46.809,0.652136658888594
0.4694,46.94,0.6536205320171575
0.47072,47.072,0.6551140349492925
0.47205,47.205000000000005,0.6566170169180623
0.47338,47.338,0.6581182159034142
0.47471,47.471000000000004,0.6596176970979286
0.47605,47.605,0.6611266911440907
0.47739,47.739,0.6626335338414719
0.47873,47.873,0.6641382834150136
0.48008,48.008,0.6656524011787042
0.48143,48.143,0.6671648135506985
0.48279,48.278999999999996,0.6686866907039075
0.48415,48.415,0.6702068613676602
0.48551,48.551,0.6717251687359749
0.48688,48.687999999999995,0.6732527436688542
0.48825,48.825,0.6747783097844149
0.48962,48.962,0.676301932633578
0.491,49.1,0.677834863597127
0.49238,49.238,0.6793657831076416
0.49377,49.376999999999995,0.680905947431711
0.49516,49.516,0.6824442019560593
0.49655,49.655,0.6839803858183586
0.49795,49.795,0.6855254791071275
0.49935,49.935,0.6870683753932099
0.50076,50.076,0.688620271439504
0.50217,50.217,0.6901699934478529
0.50358,50.358000000000004,0.6917176026281595
0.505,50.5,0.693273832946943
0.50642,50.641999999999996,0.6948278276204292
0.50785,50.785000000000004,0.6963904593358166
0.50928,50.928,0.6979510683831904
0.51071,51.071,0.6995096688415288
0.51215,51.214999999999996,0.7010771371678857
0.51359,51.359,0.7026425508493048
0.51504,51.504000000000005,0.7042166059627561
0.51649,51.649,0.7057886330621841
0.51794,51.794,0.7073582516595707
0.5194,51.94,0.7089361723565162
0.52086,52.086,0.7105118782155841
0.52233,52.233,0.7120962707658691
0.5238,52.38,0.7136783703263063
0.52527,52.527,0.7152580383080931
0.52675,52.675000000000004,0.7168460189213874
0.52824,52.824000000000005,0.7184423031521874
0.52972,52.971999999999994,0.7200254002946167
0.53122,53.122,0.721627544693547
0.53271,53.271,0.7232163052367468
0.53421,53.421,0.7248128564933722
0.53571,53.571000000000005,0.7264067945607167
0.53722,53.722,0.7280089919377133
0.53874,53.874,0.7296194543450838
0.54025,54.025,0.7312169356591767
0.54177,54.177,0.73282228365224
0.5433,54.33,0.7344357254160059
0.54483,54.483000000000004,0.7360464951680115
0.54636,54.635999999999996,0.737654798429503
0.5479,54.790000000000006,0.7392703848536257
0.54944,54.944,0.7408833000545201
0.55099,55.099,0.7425037763268847
0.55254,55.254000000000005,0.7441215686894793
0.5541,55.410000000000004,0.7457472046071416
0.55566,55.566,0.7473702203124049
0.55722,55.72200000000001,0.7489902350253033
0.55879,55.879,0.7506177829372973
0.56036,56.035999999999994,0.7522424412982218
0.56194,56.194,0.7538747987064198
0.56352,56.352000000000004,0.7555044414611984
0.56511,56.511,0.7571414943795389
0.5667,56.67,0.7587756680622988
0.5683,56.830000000000005,0.7604173029394588
0.5699,56.989999999999995,0.7620557742047822
0.5715,57.15,0.7636912540365302
0.57311,57.311,0.7653339586158836
0.57472,57.472,0.7669737081114363
0.57634,57.63399999999999,0.7686208342038299
0.57796,57.79600000000001,0.7702652700691033
0.57959,57.959,0.7719170727741584
0.58122,58.12199999999999,0.7735659830332224
0.58286,58.286,0.7752218034511316
0.5845,58.45,0.7768742683301753
0.58615,58.614999999999995,0.7785336233382623
0.5878,58.78,0.780189929369044
0.58945,58.945,0.7818434142518527
0.59111,59.111000000000004,0.7835036594669873
0.59278,59.278,0.7851706987858051
0.59444,59.443999999999996,0.786824727973908
0.59612,59.611999999999995,0.7884953962693544
0.5978,59.78,0.7901629922916982
0.59948,59.948,0.7918273731429508
0.60117,60.117,0.7934985628953655
0.60286,60.285999999999994,0.7951665128093737
0.60456,60.455999999999996,0.7968411011670469
0.60626,60.626000000000005,0.7985123095850213
0.60797,60.797000000000004,0.8001902259711642
0.60968,60.968,0.8018646292985068
0.61139,61.138999999999996,0.8035356667514861
0.61312,61.312,0.8052230745352063
0.61484,61.48400000000001,0.8068975036476331
0.61657,61.657,0.8085781125691938
0.61831,61.831,0.8102648031263016
0.62005,62.004999999999995,0.8119481396906849
0.6218,62.18,0.8136376199690858
0.62355,62.355000000000004,0.8153237926862857
0.6253,62.529999999999994,0.8170066548082104
0.62706,62.705999999999996,0.8186954584971318
0.62883,62.883,0.8203897246175984
0.6306,63.06,0.8220805327373455
0.63237,63.237,0.8237676083908809
0.63415,63.415,0.8254607511953509
0.63594,63.593999999999994,0.8271598893934424
0.63773,63.773,0.828855204793399
0.63952,63.952,0.830547003495667
0.64133,64.133,0.8322541071456726
0.64313,64.313,0.8339480915210515
0.64494,64.494,0.8356476569124425
0.64676,64.676,0.8373532241294015
0.64858,64.858,0.8390550943249764
0.6504,65.03999999999999,0.8407530547610804
0.65224,65.224,0.8424659876318401
0.65407,65.40700000000001,0.8441661071128692
0.65591,65.591,0.8458716411159912
0.65776,65.776,0.8475826490457621
0.65961,65.961,0.8492898168187821
0.66147,66.147,0.8510027596348664
0.66333,66.333,0.8527118209658511
0.6652,66.52,0.8544262901168622
0.66707,66.70700000000001,0.8561368545042569
0.66895,66.89500000000001,0.857852991782238
0.67083,67.083,0.8595651818341139
0.67272,67.27199999999999,0.8612825899617746
0.67462,67.462,0.8630052733624325
0.67652,67.652,0.8647242457100219
0.67842,67.842,0.866439554376484
0.68033,68.033,0.8681598802359076
0.68225,68.22500000000001,0.8698852278548657
0.68417,68.417,0.8716065647804498
0.68609,68.609,0.8733239920748019
0.68802,68.80199999999999,0.8750465268958578
0.68996,68.996,0.876774236530764
0.6919,69.19,0.8784985879756277
0.69385,69.38499999999999,0.8802280763920862
0.69581,69.581,0.8819629118524972
0.69776,69.77600000000001,0.8836851507730898
0.69973,69.973,0.8854213171571246
0.7017,70.17,0.8871537878958407
0.70367,70.367,0.8888825767853632
0.70566,70.566,0.8906253420891517
0.70764,70.76400000000001,0.8923558568667431
0.70963,70.963,0.894091332464086
0.71163,71.163,0.8958317670658289
0.71364,71.364,0.8975769247081189
0.71565,71.565,0.8993184415703581
0.71766,71.76599999999999,0.9010564106583843
0.71968,71.968,0.9027993357995001
0.72171,72.17099999999999,0.9045473048718122
0.72374,72.37400000000001,0.906291729401346
0.72578,72.578,0.9080409766138473
0.72782,72.782,0.9097868579710848
0.72987,72.987,0.9115375455457979
0.73192,73.19200000000001,0.9132846540587707
0.73398,73.398,0.915037011237473
0.73605,73.605,0.916794873467552
0.73812,73.812,0.9185496152049382
0.7402,74.02,0.9203097709014401
0.74229,74.229,0.9220752386609092
0.74438,74.438,0.9238377552501333
0.74647,74.64699999999999,0.9255971188104013
0.74857,74.857,0.9273619354953553
0.75068,75.068,0.9291323334300614
0.75279,75.279,0.930899908243191
0.75491,75.491,0.9326734554215363
0.75704,75.70400000000001,0.9344533570065323
0.75917,75.917,0.9362313679439467
0.76131,76.131,0.9380153799875188
0.76345,76.345,0.9397971200614847
0.7656,76.55999999999999,0.9415847005484466
0.76776,76.776,0.9433781545194506
0.76992,76.992,0.9451687320506608
0.77208,77.208,0.9469384496596831
0.77426,77.42599999999999,0.9486846074842106
0.77644,77.644,0.9503757495326681
0.77862,77.862,0.9520065712817996
0.78082,78.082,0.9535730956936277
0.78302,78.302,0.9550385877455483
0.78522,78.522,0.9563701724759994
0.78743,78.743,0.9575088750316354
0.78965,78.965,0.9583765695936108
0.79187,79.187,0.9591374012841243
0.7941,79.41,0.9598850115412461
0.79634,79.634,0.9606247361391524
0.79858,79.85799999999999,0.9613539625775047
0.80083,80.083,0.9620774448992506
0.80308,80.308,0.9627934832403753
0.80534,80.53399999999999,0.9635049233957034
0.80761,80.76100000000001,0.9642117621949637
0.80988,80.988,0.9649123163610511
0.81216,81.216,0.9656109118056975
0.81445,81.44500000000001,0.9663070511273872
0.81674,81.674,0.966996877281872
0.81904,81.904,0.9676823061111008
0.82135,82.135,0.9683631247200992
0.82366,82.366,0.9690357371223399
0.82598,82.598,0.9697025932173347
0.82831,82.831,0.9703640506281772
0.83064,83.06400000000001,0.971016906466275
0.83298,83.298,0.9716635076031253
0.83532,83.532,0.9723018703859907
0.83767,83.767,0.9729346020612866
0.84003,84.003,0.973561030125893
0.8424,84.24000000000001,0.9741811968171987
0.84477,84.477,0.9747935884290655
0.84715,84.71499999999999,0.9754007715432635
0.84953,84.953,0.976000678504306
0.85192,85.19200000000001,0.9765964607386195
0.85432,85.432,0.9771870924341783
0.85673,85.673,0.9777726255160815
0.85914,85.914,0.9783507293009279
0.86156,86.156,0.9789237078950919
0.86398,86.398,0.979489610941755
0.86642,86.642,0.9800536236384687
0.86886,86.886,0.9806111249345122
0.8713,87.13,0.9811620476511962
0.87375,87.375,0.981709174093794
0.87621,87.62100000000001,0.9822530261872089
0.87868,87.868,0.9827940251186646
0.88116,88.116,0.9833321556150167
0.88364,88.364,0.9838656352849284
0.88612,88.612,0.9843949046276066
0.88862,88.862,0.9849246292126281
0.89112,89.11200000000001,0.9854512547847207
0.89363,89.363,0.9859766690303786
0.89615,89.615,0.9865000638528727
0.89867,89.86699999999999,0.9870196947947534
0.9012,90.12,0.9875374711243694
0.90374,90.374,0.988053046964751
0.90628,90.628,0.9885586276627691
0.90883,90.88300000000001,0.9890374411356788
0.91139,91.13900000000001,0.9894882374730969
0.91396,91.396,0.9899191896091679
0.91653,91.65299999999999,0.9903326866497082
0.91911,91.911,0.9907388056649324
0.9217,92.17,0.9911388111606811
0.92429,92.42899999999999,0.9915321988712549
0.9269,92.69,0.9919218017920457
0.9295,92.95,0.9923034861210454
0.93212,93.21199999999999,0.9926820064061985
0.93475,93.475,0.9930565520496657
0.93738,93.738,0.993426710032395
0.94002,94.002,0.993793791029475
0.94266,94.266,0.994156842589291
0.94532,94.53200000000001,0.994518681187742
0.94798,94.798,0.9948764475140024
0.95065,95.065,0.9952309589293691
0.95332,95.332,0.99558127021578
0.95601,95.601,0.9959292222630438
0.9587,95.87,0.9962722804833675
0.9614,96.14,0.9966105274859274
0.96411,96.411,0.9969426865078503
0.96682,96.682,0.9972665328925814
0.96954,96.954,0.9975833528355906
0.97227,97.227,0.9978924827779565
0.97501,97.501,0.9981948481078007
0.97775,97.775,0.9984907729090082
0.98051,98.051,0.9987806777367041
0.98327,98.327,0.9990601030820017
0.98604,98.604,0.9993266090161228
0.98881,98.881,0.9995755136580442
0.9916,99.16,0.9997944748586747
0.99439,99.439,0.9999429175667842
0.99719,99.71900000000001,0.9999917251776225
1.0,100.0,1.000000025940948
