system,arm,release_role,data_identity,n,seeds,metric,mean,std,minimum,maximum
ala2_cg,mixed_low_ess_warm10k_energy100k_pf20k,mixed_negative_ablation,"six-bead core-beta CG-BG MACE PMF + fixed support terms, 300 K, ambient18 auxiliary-COM; warm endpoints hash-pinned CG-BG explicit core-beta data",1,3,proposal_js,0.078675442431489,0.0,0.078675442431489,0.078675442431489
ala2_cg,mixed_low_ess_warm10k_energy100k_pf20k,mixed_negative_ablation,"six-bead core-beta CG-BG MACE PMF + fixed support terms, 300 K, ambient18 auxiliary-COM; warm endpoints hash-pinned CG-BG explicit core-beta data",1,3,weighted_js,0.10954525858461073,0.0,0.10954525858461073,0.10954525858461073
ala2_cg,mixed_low_ess_warm10k_energy100k_pf20k,mixed_negative_ablation,"six-bead core-beta CG-BG MACE PMF + fixed support terms, 300 K, ambient18 auxiliary-COM; warm endpoints hash-pinned CG-BG explicit core-beta data",1,3,js_improvement,-0.030869816153121732,0.0,-0.030869816153121732,-0.030869816153121732
ala2_cg,mixed_low_ess_warm10k_energy100k_pf20k,mixed_negative_ablation,"six-bead core-beta CG-BG MACE PMF + fixed support terms, 300 K, ambient18 auxiliary-COM; warm endpoints hash-pinned CG-BG explicit core-beta data",1,3,proposal_pmf_error,7.059099140234728,0.0,7.059099140234728,7.059099140234728
ala2_cg,mixed_low_ess_warm10k_energy100k_pf20k,mixed_negative_ablation,"six-bead core-beta CG-BG MACE PMF + fixed support terms, 300 K, ambient18 auxiliary-COM; warm endpoints hash-pinned CG-BG explicit core-beta data",1,3,weighted_pmf_error,4.221743201526824,0.0,4.221743201526824,4.221743201526824
ala2_cg,mixed_low_ess_warm10k_energy100k_pf20k,mixed_negative_ablation,"six-bead core-beta CG-BG MACE PMF + fixed support terms, 300 K, ambient18 auxiliary-COM; warm endpoints hash-pinned CG-BG explicit core-beta data",1,3,pmf_error_improvement,2.837355938707904,0.0,2.837355938707904,2.837355938707904
ala2_cg,mixed_low_ess_warm10k_energy100k_pf20k,mixed_negative_ablation,"six-bead core-beta CG-BG MACE PMF + fixed support terms, 300 K, ambient18 auxiliary-COM; warm endpoints hash-pinned CG-BG explicit core-beta data",1,3,proposal_energy_wasserstein_w1,11.417591344652005,0.0,11.417591344652005,11.417591344652005
ala2_cg,mixed_low_ess_warm10k_energy100k_pf20k,mixed_negative_ablation,"six-bead core-beta CG-BG MACE PMF + fixed support terms, 300 K, ambient18 auxiliary-COM; warm endpoints hash-pinned CG-BG explicit core-beta data",1,3,proposal_energy_wasserstein_w2,90.80946860718993,0.0,90.80946860718993,90.80946860718993
ala2_cg,mixed_low_ess_warm10k_energy100k_pf20k,mixed_negative_ablation,"six-bead core-beta CG-BG MACE PMF + fixed support terms, 300 K, ambient18 auxiliary-COM; warm endpoints hash-pinned CG-BG explicit core-beta data",1,3,valid_mask_fraction,1.0,0.0,1.0,1.0
ala2_cg,mixed_low_ess_warm10k_energy100k_pf20k,mixed_negative_ablation,"six-bead core-beta CG-BG MACE PMF + fixed support terms, 300 K, ambient18 auxiliary-COM; warm endpoints hash-pinned CG-BG explicit core-beta data",1,3,support_mask_fraction,1.0,0.0,1.0,1.0
ala2_cg,mixed_low_ess_warm10k_energy100k_pf20k,mixed_negative_ablation,"six-bead core-beta CG-BG MACE PMF + fixed support terms, 300 K, ambient18 auxiliary-COM; warm endpoints hash-pinned CG-BG explicit core-beta data",1,3,included_sample_fraction,1.0,0.0,1.0,1.0
ala2_cg,mixed_low_ess_warm10k_energy100k_pf20k,mixed_negative_ablation,"six-bead core-beta CG-BG MACE PMF + fixed support terms, 300 K, ambient18 auxiliary-COM; warm endpoints hash-pinned CG-BG explicit core-beta data",1,3,ess_fraction,0.014078297404642084,0.0,0.014078297404642084,0.014078297404642084
ala2_cg,mixed_low_ess_warm10k_energy100k_pf20k,mixed_negative_ablation,"six-bead core-beta CG-BG MACE PMF + fixed support terms, 300 K, ambient18 auxiliary-COM; warm endpoints hash-pinned CG-BG explicit core-beta data",1,3,max_weight,0.04846319556236267,0.0,0.04846319556236267,0.04846319556236267
ala2_cg,mixed_low_ess_warm10k_energy100k_pf20k,mixed_negative_ablation,"six-bead core-beta CG-BG MACE PMF + fixed support terms, 300 K, ambient18 auxiliary-COM; warm endpoints hash-pinned CG-BG explicit core-beta data",1,3,top_0p1_percent_mass,0.14534464944154024,0.0,0.14534464944154024,0.14534464944154024
ala2_cg,mixed_low_ess_warm10k_energy100k_pf20k,mixed_negative_ablation,"six-bead core-beta CG-BG MACE PMF + fixed support terms, 300 K, ambient18 auxiliary-COM; warm endpoints hash-pinned CG-BG explicit core-beta data",1,3,top_1_percent_mass,0.3311900802073069,0.0,0.3311900802073069,0.3311900802073069
ala2_cg,mixed_low_ess_warm10k_energy100k_pf20k,mixed_negative_ablation,"six-bead core-beta CG-BG MACE PMF + fixed support terms, 300 K, ambient18 auxiliary-COM; warm endpoints hash-pinned CG-BG explicit core-beta data",1,3,logw_variance,223.1494750276031,0.0,223.1494750276031,223.1494750276031
ala2_cg,mixed_low_ess_warm10k_energy100k_pf20k,mixed_negative_ablation,"six-bead core-beta CG-BG MACE PMF + fixed support terms, 300 K, ambient18 auxiliary-COM; warm endpoints hash-pinned CG-BG explicit core-beta data",1,3,logw_span,1111.750662446022,0.0,1111.750662446022,1111.750662446022
ala2_cg,positive_warm10k_energy20k_pf10k,primary,"six-bead core-beta CG-BG MACE PMF + fixed support terms, 300 K, ambient18 auxiliary-COM; warm endpoints hash-pinned CG-BG explicit core-beta data",1,3,proposal_js,0.11446891341760579,0.0,0.11446891341760579,0.11446891341760579
ala2_cg,positive_warm10k_energy20k_pf10k,primary,"six-bead core-beta CG-BG MACE PMF + fixed support terms, 300 K, ambient18 auxiliary-COM; warm endpoints hash-pinned CG-BG explicit core-beta data",1,3,weighted_js,0.08790117845539949,0.0,0.08790117845539949,0.08790117845539949
ala2_cg,positive_warm10k_energy20k_pf10k,primary,"six-bead core-beta CG-BG MACE PMF + fixed support terms, 300 K, ambient18 auxiliary-COM; warm endpoints hash-pinned CG-BG explicit core-beta data",1,3,js_improvement,0.026567734962206296,0.0,0.026567734962206296,0.026567734962206296
ala2_cg,positive_warm10k_energy20k_pf10k,primary,"six-bead core-beta CG-BG MACE PMF + fixed support terms, 300 K, ambient18 auxiliary-COM; warm endpoints hash-pinned CG-BG explicit core-beta data",1,3,proposal_pmf_error,10.281423532251342,0.0,10.281423532251342,10.281423532251342
ala2_cg,positive_warm10k_energy20k_pf10k,primary,"six-bead core-beta CG-BG MACE PMF + fixed support terms, 300 K, ambient18 auxiliary-COM; warm endpoints hash-pinned CG-BG explicit core-beta data",1,3,weighted_pmf_error,5.993848507926312,0.0,5.993848507926312,5.993848507926312
ala2_cg,positive_warm10k_energy20k_pf10k,primary,"six-bead core-beta CG-BG MACE PMF + fixed support terms, 300 K, ambient18 auxiliary-COM; warm endpoints hash-pinned CG-BG explicit core-beta data",1,3,pmf_error_improvement,4.2875750243250295,0.0,4.2875750243250295,4.2875750243250295
ala2_cg,positive_warm10k_energy20k_pf10k,primary,"six-bead core-beta CG-BG MACE PMF + fixed support terms, 300 K, ambient18 auxiliary-COM; warm endpoints hash-pinned CG-BG explicit core-beta data",1,3,proposal_energy_wasserstein_w1,7.933065591381114,0.0,7.933065591381114,7.933065591381114
ala2_cg,positive_warm10k_energy20k_pf10k,primary,"six-bead core-beta CG-BG MACE PMF + fixed support terms, 300 K, ambient18 auxiliary-COM; warm endpoints hash-pinned CG-BG explicit core-beta data",1,3,proposal_energy_wasserstein_w2,22.04794457323453,0.0,22.04794457323453,22.04794457323453
ala2_cg,positive_warm10k_energy20k_pf10k,primary,"six-bead core-beta CG-BG MACE PMF + fixed support terms, 300 K, ambient18 auxiliary-COM; warm endpoints hash-pinned CG-BG explicit core-beta data",1,3,valid_mask_fraction,1.0,0.0,1.0,1.0
ala2_cg,positive_warm10k_energy20k_pf10k,primary,"six-bead core-beta CG-BG MACE PMF + fixed support terms, 300 K, ambient18 auxiliary-COM; warm endpoints hash-pinned CG-BG explicit core-beta data",1,3,support_mask_fraction,1.0,0.0,1.0,1.0
ala2_cg,positive_warm10k_energy20k_pf10k,primary,"six-bead core-beta CG-BG MACE PMF + fixed support terms, 300 K, ambient18 auxiliary-COM; warm endpoints hash-pinned CG-BG explicit core-beta data",1,3,included_sample_fraction,1.0,0.0,1.0,1.0
ala2_cg,positive_warm10k_energy20k_pf10k,primary,"six-bead core-beta CG-BG MACE PMF + fixed support terms, 300 K, ambient18 auxiliary-COM; warm endpoints hash-pinned CG-BG explicit core-beta data",1,3,ess_fraction,0.13555407864712005,0.0,0.13555407864712005,0.13555407864712005
ala2_cg,positive_warm10k_energy20k_pf10k,primary,"six-bead core-beta CG-BG MACE PMF + fixed support terms, 300 K, ambient18 auxiliary-COM; warm endpoints hash-pinned CG-BG explicit core-beta data",1,3,max_weight,0.008043825626373291,0.0,0.008043825626373291,0.008043825626373291
ala2_cg,positive_warm10k_energy20k_pf10k,primary,"six-bead core-beta CG-BG MACE PMF + fixed support terms, 300 K, ambient18 auxiliary-COM; warm endpoints hash-pinned CG-BG explicit core-beta data",1,3,top_0p1_percent_mass,0.05104926857165992,0.0,0.05104926857165992,0.05104926857165992
ala2_cg,positive_warm10k_energy20k_pf10k,primary,"six-bead core-beta CG-BG MACE PMF + fixed support terms, 300 K, ambient18 auxiliary-COM; warm endpoints hash-pinned CG-BG explicit core-beta data",1,3,top_1_percent_mass,0.186349643568974,0.0,0.186349643568974,0.186349643568974
ala2_cg,positive_warm10k_energy20k_pf10k,primary,"six-bead core-beta CG-BG MACE PMF + fixed support terms, 300 K, ambient18 auxiliary-COM; warm endpoints hash-pinned CG-BG explicit core-beta data",1,3,logw_variance,60.85508520947113,0.0,60.85508520947113,60.85508520947113
ala2_cg,positive_warm10k_energy20k_pf10k,primary,"six-bead core-beta CG-BG MACE PMF + fixed support terms, 300 K, ambient18 auxiliary-COM; warm endpoints hash-pinned CG-BG explicit core-beta data",1,3,logw_span,105.7553927898407,0.0,105.7553927898407,105.7553927898407
mb2d,biased_bridge_energy,biased_endpoint_stress_test,deliberately_biased_synthetic_full_support_v1,3,"0,1,2",proposal_js,0.40555855102513516,0.017955448176572717,0.38201825930329314,0.42557419129635776
mb2d,biased_bridge_energy,biased_endpoint_stress_test,deliberately_biased_synthetic_full_support_v1,3,"0,1,2",weighted_js,0.013673929930251785,0.002223373044865481,0.010562447700907418,0.015622214414893776
mb2d,biased_bridge_energy,biased_endpoint_stress_test,deliberately_biased_synthetic_full_support_v1,3,"0,1,2",js_improvement,0.39188462109488337,0.01607519599992419,0.3714558116023857,0.4107370636214036
mb2d,biased_bridge_energy,biased_endpoint_stress_test,deliberately_biased_synthetic_full_support_v1,3,"0,1,2",proposal_pmf_error,2.223922784342896,0.2089274793325226,1.9694422549533692,2.481185287718518
mb2d,biased_bridge_energy,biased_endpoint_stress_test,deliberately_biased_synthetic_full_support_v1,3,"0,1,2",weighted_pmf_error,2.200332821683762,0.2537043471683282,1.89043294919321,2.511872653614922
mb2d,biased_bridge_energy,biased_endpoint_stress_test,deliberately_biased_synthetic_full_support_v1,3,"0,1,2",pmf_error_improvement,0.023589962659134416,0.044790758652863145,-0.030687365896404195,0.0790093057601593
mb2d,biased_bridge_energy,biased_endpoint_stress_test,deliberately_biased_synthetic_full_support_v1,3,"0,1,2",proposal_basin_l1,1.6367169271960913,0.03565779702798385,1.5898502605294245,1.6762702605294246
mb2d,biased_bridge_energy,biased_endpoint_stress_test,deliberately_biased_synthetic_full_support_v1,3,"0,1,2",weighted_basin_l1,0.0005743488337130043,0.0003803453058145571,4.205437907868308e-05,0.0009075094004255147
mb2d,biased_bridge_energy,biased_endpoint_stress_test,deliberately_biased_synthetic_full_support_v1,3,"0,1,2",proposal_energy_mean_error,3.2331825595188803,0.06595956139567952,3.142432749342783,3.297248360091558
mb2d,biased_bridge_energy,biased_endpoint_stress_test,deliberately_biased_synthetic_full_support_v1,3,"0,1,2",weighted_energy_mean_error,-0.0005549185753223421,0.013858866437505212,-0.010444658926674677,0.019044201674514483
mb2d,biased_bridge_energy,biased_endpoint_stress_test,deliberately_biased_synthetic_full_support_v1,3,"0,1,2",proposal_energy_mean_abs_error,3.2331825595188803,0.06595956139567952,3.142432749342783,3.297248360091558
mb2d,biased_bridge_energy,biased_endpoint_stress_test,deliberately_biased_synthetic_full_support_v1,3,"0,1,2",weighted_energy_mean_abs_error,0.013251053024998663,0.004097036402879516,0.010264298473806832,0.019044201674514483
mb2d,biased_bridge_energy,biased_endpoint_stress_test,deliberately_biased_synthetic_full_support_v1,3,"0,1,2",valid_mask_fraction,1.0,0.0,1.0,1.0
mb2d,biased_bridge_energy,biased_endpoint_stress_test,deliberately_biased_synthetic_full_support_v1,3,"0,1,2",support_mask_fraction,1.0,0.0,1.0,1.0
mb2d,biased_bridge_energy,biased_endpoint_stress_test,deliberately_biased_synthetic_full_support_v1,3,"0,1,2",included_sample_fraction,1.0,0.0,1.0,1.0
mb2d,biased_bridge_energy,biased_endpoint_stress_test,deliberately_biased_synthetic_full_support_v1,3,"0,1,2",ess_fraction,0.14483469123064677,0.020430912453822288,0.12229374622481978,0.17175963990578777
mb2d,biased_bridge_energy,biased_endpoint_stress_test,deliberately_biased_synthetic_full_support_v1,3,"0,1,2",max_weight,0.0009181134422154477,0.0005687043324796769,0.00043996566091664135,0.0017172480002045631
mb2d,biased_bridge_energy,biased_endpoint_stress_test,deliberately_biased_synthetic_full_support_v1,3,"0,1,2",top_0p1_percent_mass,0.013156748762412462,0.003099158693857355,0.009057635666977149,0.01654985686764121
mb2d,biased_bridge_energy,biased_endpoint_stress_test,deliberately_biased_synthetic_full_support_v1,3,"0,1,2",top_1_percent_mass,0.09126499482226791,0.014924489475589345,0.07024821607774356,0.10345619064901257
mb2d,biased_bridge_energy,biased_endpoint_stress_test,deliberately_biased_synthetic_full_support_v1,3,"0,1,2",logw_variance,2.911507233420432,0.1269863252281009,2.7628249474271955,3.0730749409847014
mb2d,biased_bridge_energy,biased_endpoint_stress_test,deliberately_biased_synthetic_full_support_v1,3,"0,1,2",logw_span,9.331155141194662,0.38365921084083787,8.94231367111206,9.853285074234009
mb2d,biased_bridge_only,biased_endpoint_stress_test,deliberately_biased_synthetic_full_support_v1,3,"0,1,2",proposal_js,0.5025788961378678,0.0036654397931806765,0.49843398545053635,0.507347266884821
mb2d,biased_bridge_only,biased_endpoint_stress_test,deliberately_biased_synthetic_full_support_v1,3,"0,1,2",weighted_js,0.03404619158423849,0.0013469030427118564,0.03229277272673384,0.03556738797353385
mb2d,biased_bridge_only,biased_endpoint_stress_test,deliberately_biased_synthetic_full_support_v1,3,"0,1,2",js_improvement,0.46853270455362933,0.004240998997699531,0.4628665974770025,0.47306885283237327
mb2d,biased_bridge_only,biased_endpoint_stress_test,deliberately_biased_synthetic_full_support_v1,3,"0,1,2",proposal_pmf_error,3.9398407229797474,0.09013659120213414,3.8123705744187437,4.004230419050044
mb2d,biased_bridge_only,biased_endpoint_stress_test,deliberately_biased_synthetic_full_support_v1,3,"0,1,2",weighted_pmf_error,4.324070095920789,0.10023757535197146,4.182904199709701,4.405855703480833
mb2d,biased_bridge_only,biased_endpoint_stress_test,deliberately_biased_synthetic_full_support_v1,3,"0,1,2",pmf_error_improvement,-0.38422937294104126,0.013693678499643694,-0.40293452801037866,-0.37053362529095724
mb2d,biased_bridge_only,biased_endpoint_stress_test,deliberately_biased_synthetic_full_support_v1,3,"0,1,2",proposal_basin_l1,1.6357569271960912,0.005611068426680261,1.6295302605294246,1.6431302605294245
mb2d,biased_bridge_only,biased_endpoint_stress_test,deliberately_biased_synthetic_full_support_v1,3,"0,1,2",weighted_basin_l1,0.0003867810303783536,4.3803479278933e-05,0.00035104541733809586,0.0004484705400361697
mb2d,biased_bridge_only,biased_endpoint_stress_test,deliberately_biased_synthetic_full_support_v1,3,"0,1,2",proposal_energy_mean_error,89200648282.9233,126148752625.53836,13.19840126470177,267601925122.40784
mb2d,biased_bridge_only,biased_endpoint_stress_test,deliberately_biased_synthetic_full_support_v1,3,"0,1,2",weighted_energy_mean_error,0.004427545750881852,0.011043220665481857,-0.006592737734949949,0.01952122013675961
mb2d,biased_bridge_only,biased_endpoint_stress_test,deliberately_biased_synthetic_full_support_v1,3,"0,1,2",proposal_energy_mean_abs_error,89200648282.9233,126148752625.53836,13.19840126470177,267601925122.40784
mb2d,biased_bridge_only,biased_endpoint_stress_test,deliberately_biased_synthetic_full_support_v1,3,"0,1,2",weighted_energy_mean_abs_error,0.008822704240848486,0.007982216103388309,0.00035415485083589715,0.01952122013675961
mb2d,biased_bridge_only,biased_endpoint_stress_test,deliberately_biased_synthetic_full_support_v1,3,"0,1,2",valid_mask_fraction,0.8570333333333333,0.013634491393358088,0.84163,0.87478
mb2d,biased_bridge_only,biased_endpoint_stress_test,deliberately_biased_synthetic_full_support_v1,3,"0,1,2",support_mask_fraction,0.8570333333333333,0.013634491393358088,0.84163,0.87478
mb2d,biased_bridge_only,biased_endpoint_stress_test,deliberately_biased_synthetic_full_support_v1,3,"0,1,2",included_sample_fraction,0.8570333333333333,0.013634491393358088,0.84163,0.87478
mb2d,biased_bridge_only,biased_endpoint_stress_test,deliberately_biased_synthetic_full_support_v1,3,"0,1,2",ess_fraction,0.03955336066900622,0.00208480212804021,0.03779725118145607,0.042482429666857495
mb2d,biased_bridge_only,biased_endpoint_stress_test,deliberately_biased_synthetic_full_support_v1,3,"0,1,2",max_weight,0.001353990441809098,0.00010916335825609779,0.0012245033867657185,0.0014915335923433304
mb2d,biased_bridge_only,biased_endpoint_stress_test,deliberately_biased_synthetic_full_support_v1,3,"0,1,2",top_0p1_percent_mass,0.09108948426243539,0.004655832815237221,0.08522139303386211,0.09660989756230265
mb2d,biased_bridge_only,biased_endpoint_stress_test,deliberately_biased_synthetic_full_support_v1,3,"0,1,2",top_1_percent_mass,0.3754163909131118,0.018116101601529884,0.35172653319023084,0.3957101473060902
mb2d,biased_bridge_only,biased_endpoint_stress_test,deliberately_biased_synthetic_full_support_v1,3,"0,1,2",logw_variance,41.532292882848566,7.058952889311629,34.2409866956512,51.08310172407022
mb2d,biased_bridge_only,biased_endpoint_stress_test,deliberately_biased_synthetic_full_support_v1,3,"0,1,2",logw_span,601.2284808158875,106.56614095595086,521.4100942611694,751.8457698822021
mb2d,cold_energy_only,primary,endpoint_independent_energy_bms,3,"0,1,2",proposal_js,0.026036268544560096,0.014740502493999745,0.011288361611441517,0.04616945598038548
mb2d,cold_energy_only,primary,endpoint_independent_energy_bms,3,"0,1,2",weighted_js,0.005440363728938721,0.0008664399298673643,0.004647991242713114,0.006645985954947845
mb2d,cold_energy_only,primary,endpoint_independent_energy_bms,3,"0,1,2",js_improvement,0.020595904815621374,0.01525085765118625,0.004642375656493673,0.04114234199123028
mb2d,cold_energy_only,primary,endpoint_independent_energy_bms,3,"0,1,2",proposal_pmf_error,1.3349973815579166,0.17182346337452387,1.1646408737316802,1.5702387856111062
mb2d,cold_energy_only,primary,endpoint_independent_energy_bms,3,"0,1,2",weighted_pmf_error,1.3058102771166176,0.1832637112604876,1.1402737445461708,1.5612824057960157
mb2d,cold_energy_only,primary,endpoint_independent_energy_bms,3,"0,1,2",pmf_error_improvement,0.02918710444129924,0.018797623475197436,0.008956379815090454,0.054237804323297834
mb2d,cold_energy_only,primary,endpoint_independent_energy_bms,3,"0,1,2",proposal_basin_l1,0.16451031039938768,0.12658880498562913,0.019610410139314027,0.3280102605294245
mb2d,cold_energy_only,primary,endpoint_independent_energy_bms,3,"0,1,2",weighted_basin_l1,0.0009303527518280882,0.0006550225467106957,0.00031778289756875626,0.0018384270401868921
mb2d,cold_energy_only,primary,endpoint_independent_energy_bms,3,"0,1,2",proposal_energy_mean_error,0.3855595506960299,0.28163466541370485,0.06429209113842127,0.7500744755765023
mb2d,cold_energy_only,primary,endpoint_independent_energy_bms,3,"0,1,2",weighted_energy_mean_error,-0.0008347023506646659,0.004310301119938672,-0.005327267185403883,0.004979589248456762
mb2d,cold_energy_only,primary,endpoint_independent_energy_bms,3,"0,1,2",proposal_energy_mean_abs_error,0.3855595506960299,0.28163466541370485,0.06429209113842127,0.7500744755765023
mb2d,cold_energy_only,primary,endpoint_independent_energy_bms,3,"0,1,2",weighted_energy_mean_abs_error,0.004154428516302507,0.0014199110752727547,0.002156429115046876,0.005327267185403883
mb2d,cold_energy_only,primary,endpoint_independent_energy_bms,3,"0,1,2",valid_mask_fraction,1.0,0.0,1.0,1.0
mb2d,cold_energy_only,primary,endpoint_independent_energy_bms,3,"0,1,2",support_mask_fraction,1.0,0.0,1.0,1.0
mb2d,cold_energy_only,primary,endpoint_independent_energy_bms,3,"0,1,2",included_sample_fraction,1.0,0.0,1.0,1.0
mb2d,cold_energy_only,primary,endpoint_independent_energy_bms,3,"0,1,2",ess_fraction,0.8148938316395825,0.1351983241262117,0.6238736342268578,0.9175693616035225
mb2d,cold_energy_only,primary,endpoint_independent_energy_bms,3,"0,1,2",max_weight,0.0008716493672788298,0.0007665022496366854,5.513606083695777e-05,0.0018973750993609428
mb2d,cold_energy_only,primary,endpoint_independent_energy_bms,3,"0,1,2",top_0p1_percent_mass,0.00451986220953889,0.001596151566236018,0.002382787171882228,0.006217869700776646
mb2d,cold_energy_only,primary,endpoint_independent_energy_bms,3,"0,1,2",top_1_percent_mass,0.022105908626447974,0.0029130721427635857,0.018063503641315037,0.024815010396196158
mb2d,cold_energy_only,primary,endpoint_independent_energy_bms,3,"0,1,2",logw_variance,0.3689750571219981,0.2915033673125303,0.06538127079026469,0.7622971651358953
mb2d,cold_energy_only,primary,endpoint_independent_energy_bms,3,"0,1,2",logw_span,9.968555490175882,1.6550048810077314,8.212801933288574,12.186789989471436
mb2d,equilibrium_bridge_energy,primary,equilibrium_exact_v1,3,"0,1,2",proposal_js,0.007998996916191513,0.0004899547750820418,0.007351458685054734,0.008536317435058335
mb2d,equilibrium_bridge_energy,primary,equilibrium_exact_v1,3,"0,1,2",weighted_js,0.006982888629415977,0.0005141233926062643,0.006408573681109446,0.0076561886282297785
mb2d,equilibrium_bridge_energy,primary,equilibrium_exact_v1,3,"0,1,2",js_improvement,0.0010161082867755358,0.0001501309029577345,0.0008801288068285562,0.0012253110495527627
mb2d,equilibrium_bridge_energy,primary,equilibrium_exact_v1,3,"0,1,2",proposal_pmf_error,1.592635001099601,0.09000381551476873,1.5009448440630986,1.7149373653255657
mb2d,equilibrium_bridge_energy,primary,equilibrium_exact_v1,3,"0,1,2",weighted_pmf_error,1.588624228548037,0.089416611586176,1.4982623314522296,1.7104148455867039
mb2d,equilibrium_bridge_energy,primary,equilibrium_exact_v1,3,"0,1,2",pmf_error_improvement,0.00401077255156405,0.0009474268186730918,0.0026825126108689368,0.0048272853049613484
mb2d,equilibrium_bridge_energy,primary,equilibrium_exact_v1,3,"0,1,2",proposal_basin_l1,0.02203667956345166,0.007206582708702745,0.01312014960988977,0.030769739470575496
mb2d,equilibrium_bridge_energy,primary,equilibrium_exact_v1,3,"0,1,2",weighted_basin_l1,0.0006851438532662889,0.0001587577343967359,0.0005722173433722524,0.0009096598673948835
mb2d,equilibrium_bridge_energy,primary,equilibrium_exact_v1,3,"0,1,2",proposal_energy_mean_error,-0.039347334828049675,0.015792524220306976,-0.060123600183915826,-0.02186231337612199
mb2d,equilibrium_bridge_energy,primary,equilibrium_exact_v1,3,"0,1,2",weighted_energy_mean_error,0.001731790150880504,0.0010538769318237582,0.0006169878758388592,0.003145869055602546
mb2d,equilibrium_bridge_energy,primary,equilibrium_exact_v1,3,"0,1,2",proposal_energy_mean_abs_error,0.039347334828049675,0.015792524220306976,0.02186231337612199,0.060123600183915826
mb2d,equilibrium_bridge_energy,primary,equilibrium_exact_v1,3,"0,1,2",weighted_energy_mean_abs_error,0.001731790150880504,0.0010538769318237582,0.0006169878758388592,0.003145869055602546
mb2d,equilibrium_bridge_energy,primary,equilibrium_exact_v1,3,"0,1,2",valid_mask_fraction,1.0,0.0,1.0,1.0
mb2d,equilibrium_bridge_energy,primary,equilibrium_exact_v1,3,"0,1,2",support_mask_fraction,1.0,0.0,1.0,1.0
mb2d,equilibrium_bridge_energy,primary,equilibrium_exact_v1,3,"0,1,2",included_sample_fraction,1.0,0.0,1.0,1.0
mb2d,equilibrium_bridge_energy,primary,equilibrium_exact_v1,3,"0,1,2",ess_fraction,0.9754324911823621,0.011625013981819773,0.9599690455559544,0.9879987576281757
mb2d,equilibrium_bridge_energy,primary,equilibrium_exact_v1,3,"0,1,2",max_weight,0.00014651864330517128,8.236214465149417e-05,8.565846655983478e-05,0.00026295636780560017
mb2d,equilibrium_bridge_energy,primary,equilibrium_exact_v1,3,"0,1,2",top_0p1_percent_mass,0.00326081208489389,0.0008193068906262067,0.002350133338040905,0.004336549585786997
mb2d,equilibrium_bridge_energy,primary,equilibrium_exact_v1,3,"0,1,2",top_1_percent_mass,0.020562757222554257,0.0024227146435868104,0.017529842096337234,0.02345957297984569
mb2d,equilibrium_bridge_energy,primary,equilibrium_exact_v1,3,"0,1,2",logw_variance,0.0159506999487514,0.002382033947655076,0.012714396800699333,0.018378718821847502
mb2d,equilibrium_bridge_energy,primary,equilibrium_exact_v1,3,"0,1,2",logw_span,6.6118095715840655,0.42492229537526044,6.263433814048767,7.210042476654053
mb2d,equilibrium_bridge_only,primary,equilibrium_exact_v1,3,"0,1,2",proposal_js,0.007993618705763208,0.0005392717986986397,0.0074684784778676315,0.008735137580114273
mb2d,equilibrium_bridge_only,primary,equilibrium_exact_v1,3,"0,1,2",weighted_js,0.006326286673798433,0.00019104522709485492,0.0061479745757454535,0.006591229568065246
mb2d,equilibrium_bridge_only,primary,equilibrium_exact_v1,3,"0,1,2",js_improvement,0.0016673320319647745,0.000650653508669273,0.0011860104912424715,0.0025871630043688195
mb2d,equilibrium_bridge_only,primary,equilibrium_exact_v1,3,"0,1,2",proposal_pmf_error,1.4814457448582246,0.039302539697175766,1.436391082601377,1.5321615930931434
mb2d,equilibrium_bridge_only,primary,equilibrium_exact_v1,3,"0,1,2",weighted_pmf_error,1.478547219831933,0.0398457350888156,1.432017559077396,1.5293396165691775
mb2d,equilibrium_bridge_only,primary,equilibrium_exact_v1,3,"0,1,2",pmf_error_improvement,0.002898525026291473,0.001174328550126712,0.001500075030927528,0.0043735235239810155
mb2d,equilibrium_bridge_only,primary,equilibrium_exact_v1,3,"0,1,2",proposal_basin_l1,0.0065065428503469185,0.0017266959931808669,0.004520149609889784,0.008729739470575463
mb2d,equilibrium_bridge_only,primary,equilibrium_exact_v1,3,"0,1,2",weighted_basin_l1,0.0008474408116187904,0.0003181262724343357,0.0004537182071660522,0.001232831609884008
mb2d,equilibrium_bridge_only,primary,equilibrium_exact_v1,3,"0,1,2",proposal_energy_mean_error,0.02838976272607141,0.04108728374785419,-0.02730289667071517,0.07058855199243297
mb2d,equilibrium_bridge_only,primary,equilibrium_exact_v1,3,"0,1,2",weighted_energy_mean_error,0.002998317894310413,0.000640153836211565,0.002125300218521531,0.0036423731230303957
mb2d,equilibrium_bridge_only,primary,equilibrium_exact_v1,3,"0,1,2",proposal_energy_mean_abs_error,0.04659169383988152,0.01798214610523623,0.02730289667071517,0.07058855199243297
mb2d,equilibrium_bridge_only,primary,equilibrium_exact_v1,3,"0,1,2",weighted_energy_mean_abs_error,0.002998317894310413,0.000640153836211565,0.002125300218521531,0.0036423731230303957
mb2d,equilibrium_bridge_only,primary,equilibrium_exact_v1,3,"0,1,2",valid_mask_fraction,1.0,0.0,1.0,1.0
mb2d,equilibrium_bridge_only,primary,equilibrium_exact_v1,3,"0,1,2",support_mask_fraction,1.0,0.0,1.0,1.0
mb2d,equilibrium_bridge_only,primary,equilibrium_exact_v1,3,"0,1,2",included_sample_fraction,1.0,0.0,1.0,1.0
mb2d,equilibrium_bridge_only,primary,equilibrium_exact_v1,3,"0,1,2",ess_fraction,0.9856329554110146,0.0038482027482197086,0.9813366468613355,0.9906740832808899
mb2d,equilibrium_bridge_only,primary,equilibrium_exact_v1,3,"0,1,2",max_weight,4.815711812019193e-05,2.9891267527687102e-05,2.662094630068168e-05,9.042721649166197e-05
mb2d,equilibrium_bridge_only,primary,equilibrium_exact_v1,3,"0,1,2",top_0p1_percent_mass,0.0021405070371353454,7.860487002787351e-05,0.0020450253068702295,0.0022375481839844724
mb2d,equilibrium_bridge_only,primary,equilibrium_exact_v1,3,"0,1,2",top_1_percent_mass,0.01580227533152841,0.0009753762144941672,0.01487476909187535,0.01715024407621968
mb2d,equilibrium_bridge_only,primary,equilibrium_exact_v1,3,"0,1,2",logw_variance,0.025952594032228365,0.0046597076540220465,0.022232495368393498,0.032523265677591014
mb2d,equilibrium_bridge_only,primary,equilibrium_exact_v1,3,"0,1,2",logw_span,6.264883716901143,0.5600150634713196,5.826607704162598,7.055301785469055
mb_cg1d,energy_only,primary,endpoint_independent_energy_bms,3,"0,1,2",proposal_js,0.08489558327161258,0.004980536666610688,0.0793199735232697,0.09141072636250358
mb_cg1d,energy_only,primary,endpoint_independent_energy_bms,3,"0,1,2",weighted_js,0.00011777822899409079,1.6328937591838343e-05,9.522482356344553e-05,0.00013335135253702478
mb_cg1d,energy_only,primary,endpoint_independent_energy_bms,3,"0,1,2",js_improvement,0.0847778050426185,0.004993963532279587,0.0791952150123879,0.09131550153894014
mb_cg1d,energy_only,primary,endpoint_independent_energy_bms,3,"0,1,2",proposal_pmf_error,1.5852489114559294,0.1903087337862314,1.3488401640200212,1.8148503198508297
mb_cg1d,energy_only,primary,endpoint_independent_energy_bms,3,"0,1,2",weighted_pmf_error,0.00097131319063339,0.0001313574287433653,0.0007902465455213295,0.0010978091834184201
mb_cg1d,energy_only,primary,endpoint_independent_energy_bms,3,"0,1,2",pmf_error_improvement,1.584277598265296,0.1904026613089978,1.3478142801770607,1.8140600733053083
mb_cg1d,energy_only,primary,endpoint_independent_energy_bms,3,"0,1,2",valid_mask_fraction,1.0,0.0,1.0,1.0
mb_cg1d,energy_only,primary,endpoint_independent_energy_bms,3,"0,1,2",support_mask_fraction,1.0,0.0,1.0,1.0
mb_cg1d,energy_only,primary,endpoint_independent_energy_bms,3,"0,1,2",included_sample_fraction,1.0,0.0,1.0,1.0
mb_cg1d,energy_only,primary,endpoint_independent_energy_bms,3,"0,1,2",ess_fraction,0.5653837499831152,0.08142737384898467,0.45052464636233913,0.6299663119631694
mb_cg1d,energy_only,primary,endpoint_independent_energy_bms,3,"0,1,2",max_weight,0.0009925559231002505,0.00113847474783648,0.00011801127402577549,0.002600539941340685
mb_cg1d,energy_only,primary,endpoint_independent_energy_bms,3,"0,1,2",top_0p1_percent_mass,0.003385775654047999,0.0013615775756363729,0.002377260809225845,0.00531060113098647
mb_cg1d,energy_only,primary,endpoint_independent_energy_bms,3,"0,1,2",top_1_percent_mass,0.021629947713032987,0.001713089409755376,0.01924004872671503,0.02316884504398331
mb_cg1d,energy_only,primary,endpoint_independent_energy_bms,3,"0,1,2",logw_variance,4.915491854716935,0.3641349866640048,4.400780239899637,5.186826143742691
mb_cg1d,energy_only,primary,endpoint_independent_energy_bms,3,"0,1,2",logw_span,13.636225382486979,1.4830227194876626,12.21142578125,15.681477069854736
