bin_left,bin_right,bin_center,exact_density,exact_display_density,proposal_density,reweighted_density
-13.030936339766818,-12.998800838734297,-13.014868589250558,0.0,0.0,0.0,0.0
-12.998800838734297,-12.966665337701777,-12.982733088218037,0.0,0.0,0.0,0.0
-12.966665337701777,-12.934529836669256,-12.950597587185516,0.0,1.2548450966300206e-05,0.0,0.0
-12.934529836669256,-12.902394335636734,-12.918462086152996,0.0,0.00014359114965792076,0.0,0.0
-12.902394335636734,-12.870258834604213,-12.886326585120473,0.0,0.0008776736578209439,0.0,0.0
-12.870258834604213,-12.838123333571692,-12.854191084087953,0.0,0.004156322149601524,0.0,0.0
-12.838123333571692,-12.805987832539172,-12.822055583055432,0.0,0.01567489748646423,0.0,0.0
-12.805987832539172,-12.773852331506651,-12.789920082022912,0.0,0.047746243394152406,0.0,0.0
-12.773852331506651,-12.74171683047413,-12.757784580990391,0.0,0.11828718457902941,0.0,0.0
-12.74171683047413,-12.70958132944161,-12.72564907995787,0.0,0.24032807659778002,0.0,0.0
-12.70958132944161,-12.677445828409088,-12.693513578925348,0.18752214161423725,0.40460842515004247,0.03391887367484574,0.24157204666097373
-12.677445828409088,-12.645310327376567,-12.661378077892827,0.9230063222304309,0.5723942121456752,0.1198051960074894,0.8531609605228835
-12.645310327376567,-12.613174826344046,-12.629242576860307,0.8871838318940148,0.6945523102455254,0.12167228997123963,0.8668028735488488
-12.613174826344046,-12.581039325311526,-12.597107075827786,1.1999551717276182,0.746977059187157,0.12167228997123869,0.8661040850254648
-12.581039325311526,-12.548903824279005,-12.564971574795265,0.49729563029473317,0.7482445549092153,0.11513746109810172,0.8179811398697356
-12.548903824279005,-12.516768323246485,-12.532836073762745,0.48797530732665434,0.7377907021834511,0.10237898567912289,0.7267280625140813
-12.516768323246485,-12.484632822213964,-12.500700572730224,0.6261350725823684,0.7362967031371778,0.10300135033370722,0.7284419469008165
-12.484632822213964,-12.452497321181442,-12.468565071697704,1.2132808708765985,0.733049460409427,0.10051189171536433,0.711259045175514
-12.452497321181442,-12.420361820148921,-12.436429570665181,0.7362084877912304,0.7112616192884486,0.09335469818765005,0.6598748789108393
-12.420361820148921,-12.3882263191164,-12.40429406963266,0.42463420585566203,0.6746135430154094,0.10362371498829166,0.7356170788799029
-12.3882263191164,-12.35609081808388,-12.37215856860014,0.6925623757406307,0.6428626799600075,0.09615533913327944,0.6787700135522231
-12.35609081808388,-12.32395531705136,-12.34002306756762,0.5377531723976134,0.6293805776393278,0.09210996887848137,0.6482202001302816
-12.32395531705136,-12.291819816018839,-12.307887566535099,0.5123467388524934,0.6297121434728411,0.08681986931451464,0.6103905751751795
-12.291819816018839,-12.259684314986316,-12.275752065502576,0.9980573268626727,0.6288121184826301,0.09117642189659973,0.6381448724660622
-12.259684314986316,-12.227548813953796,-12.243616564470056,0.36558940438018406,0.6149637748503013,0.08806459862368504,0.6144808130241266
-12.227548813953796,-12.195413312921275,-12.211481063437535,0.8223695514718597,0.587177899668225,0.0809074050959813,0.5700582885764676
-12.195413312921275,-12.163277811888754,-12.179345562405015,0.345997753748124,0.5528963816954114,0.0781067641503504,0.5490628699146746
-12.163277811888754,-12.131142310856234,-12.147210061372494,0.6605989600822271,0.5222510853605384,0.0790403111322283,0.5515180901554105
-12.131142310856234,-12.099006809823713,-12.115074560339973,0.4270079942032451,0.503369640340899,0.07623967018659912,0.5321247401800128
-12.099006809823713,-12.066871308791193,-12.082939059307453,0.2037030900512295,0.497679555023654,0.06348119476761628,0.45051363364034747
-12.066871308791193,-12.034735807758672,-12.050803558274932,0.8941547620661335,0.49817474869356965,0.07001602364075427,0.49456793436695806
-12.034735807758672,-12.00260030672615,-12.018668057242412,0.38750007240110856,0.4958489374458021,0.07406139389554695,0.5171687333733155
-12.00260030672615,-11.970464805693629,-11.98653255620989,0.4700170690755495,0.48753358497299065,0.06472592407678625,0.4577352226833404
-11.970464805693629,-11.938329304661108,-11.954397055177369,0.36350281672953944,0.4738770905239233,0.06721538269512488,0.4680539847918462
-11.938329304661108,-11.906193803628588,-11.922261554144848,0.7036805680831134,0.4528683967079955,0.06472592407678408,0.4597012592822629
-11.906193803628588,-11.874058302596067,-11.890126053112327,0.3424243898455215,0.42202498002934413,0.06441474174949333,0.4544124099165878
-11.874058302596067,-11.841922801563546,-11.857990552079807,0.4103442328839514,0.3862224049221301,0.061925283131155556,0.42998770912382517
-11.841922801563546,-11.809787300531024,-11.825855051047284,0.31911326355554337,0.3583540344963932,0.058813459858229986,0.40776408492695376
-11.809787300531024,-11.777651799498503,-11.793719550014764,0.15489462528470552,0.3499178804493734,0.05632400123989591,0.39098883595353645
-11.777651799498503,-11.745516298465983,-11.761584048982243,0.3742456778311464,0.3609276597642063,0.05819109520364869,0.4031264469460344
-11.745516298465983,-11.713380797433462,-11.729448547949723,0.5061097375892425,0.37936487212123166,0.04698853142112809,0.3313553773190358
-11.713380797433462,-11.681245296400942,-11.697313046917202,0.35242687168267045,0.3906714119963218,0.05165626633051114,0.3704261282913136
-11.681245296400942,-11.649109795368421,-11.665177545884681,0.5422353079253959,0.3873826418024766,0.054768089603434315,0.39126862799666584
-11.649109795368421,-11.6169742943359,-11.63304204485216,0.19574853912956033,0.3700367716072627,0.0444990728027899,0.32137684736502586
-11.6169742943359,-11.58483879330338,-11.60090654381964,0.5093404629934547,0.34247950255181847,0.03734187927506779,0.2634163036723993
-11.58483879330338,-11.552703292270857,-11.56877104278712,0.30800076064709625,0.309531389284629,0.0404537025479896,0.28305542616603313
-11.552703292270857,-11.520567791238337,-11.536635541754597,0.18074065541956968,0.2777622908015159,0.04200961418445256,0.3006053209339369
-11.520567791238337,-11.488432290205816,-11.504500040722077,0.22929325924843671,0.25439631140781677,0.04574380211195943,0.33128814385363836
-11.488432290205816,-11.456296789173296,-11.472364539689556,0.28084257630706777,0.2443773472147866,0.03671951462048454,0.26551551120294514
-11.456296789173296,-11.424161288140775,-11.440229038657035,0.16473546978465917,0.24845221958192065,0.03205177971110366,0.2322021472516753
-11.424161288140775,-11.392025787108254,-11.408093537624515,0.15900503689813664,0.26197174337621854,0.03952015556610486,0.2834483802859998
-11.392025787108254,-11.359890286075732,-11.375958036591992,0.4578980200357161,0.2754085721498842,0.03765306160234611,0.26272566948327813
-11.359890286075732,-11.327754785043211,-11.343822535559472,0.3432558184268062,0.2798479461204048,0.03454123832942415,0.2541699003708749
-11.327754785043211,-11.29561928401069,-11.311687034526951,0.14238066277938036,0.27325895370437153,0.032051779711089405,0.22785679670193698
-11.29561928401069,-11.26348378297817,-11.27955153349443,0.3701428395610862,0.2600249341791988,0.030184685747337483,0.21614984086127903
-11.26348378297817,-11.23134828194565,-11.24741603246191,0.17989315791353305,0.24534372210389202,0.030807050401920735,0.22932112744082525
-11.23134828194565,-11.199212780913129,-11.21528053142939,0.2602739475474284,0.23189840517272844,0.03142941505650529,0.228000358721098
-11.199212780913129,-11.167077279880608,-11.183145030396869,0.16834056513583587,0.21995818134738715,0.03049586807462954,0.22033923079621143
-11.167077279880608,-11.134941778848088,-11.151009529364348,0.28569372814172567,0.2082587896896546,0.029873503420043697,0.21720504443420557
-11.134941778848088,-11.102806277815565,-11.118874028331827,0.11831393885022326,0.1951701455601368,0.02613931549253668,0.1954319667346498
-11.102806277815565,-11.070670776783045,-11.086738527299305,0.26701770702227573,0.1808177854593145,0.027695227128998853,0.20318485316547025
-11.070670776783045,-11.038535275750524,-11.054603026266784,0.14707696807592543,0.16887038897165293,0.024583403856076103,0.1789088046526962
-11.038535275750524,-11.006399774718004,-11.022467525234264,0.07174463291759009,0.16485131407050121,0.02333867454691046,0.1720488540520477
-11.006399774718004,-10.974264273685483,-10.990332024201743,0.10480428983958814,0.17065469094740893,0.02645049781983105,0.1938595820665449
-10.974264273685483,-10.94212877265296,-10.95819652316922,0.30314175586454095,0.18122590360736637,0.02769522712899948,0.211115141706479
-10.94212877265296,-10.90999327162044,-10.9260610221367,0.19412374994990106,0.18866204458677105,0.02738404480170766,0.20266332648824045
-10.90999327162044,-10.87785777058792,-10.89392552110418,0.18786639476380418,0.18915196057795416,0.022716309892326342,0.16527439275388636
-10.87785777058792,-10.845722269555399,-10.861790020071659,0.1832788824321256,0.184297957270809,0.023961039201493284,0.17682519360248272
-10.845722269555399,-10.813586768522878,-10.829654519039138,0.1479134146661814,0.17694666091719938,0.02613931549253899,0.2025047647052897
-10.813586768522878,-10.781451267490358,-10.797519018006618,0.22754395725656604,0.16809065189803335,0.020538033601281067,0.1508219687871725
-10.781451267490358,-10.749315766457837,-10.765383516974097,0.13755265654407567,0.15768382764417335,0.022405127565032126,0.17114604754910773
-10.749315766457837,-10.717180265425316,-10.733248015941577,0.13460279755530594,0.14612059718943798,0.01742621032835918,0.12269028985666923
-10.717180265425316,-10.685044764392796,-10.701112514909056,0.1303016668593485,0.1340198155968346,0.020538033601281067,0.15521660500274417
-10.685044764392796,-10.652909263360273,-10.668977013876535,0.1499859079907477,0.12208107718273684,0.019915668946695848,0.15101899609204986
-10.652909263360273,-10.620773762327753,-10.636841512844013,0.12110372966736654,0.11240857265122484,0.017115028001067987,0.12559462044472627
-10.620773762327753,-10.588638261295232,-10.604706011811492,0.02326487367062458,0.10840782695861674,0.015870298691898887,0.12553715180312558
-10.588638261295232,-10.556502760262712,-10.572570510778972,0.09089095258647537,0.11132863388719091,0.01649266334648387,0.12384384876139709
-10.556502760262712,-10.524367259230191,-10.540435009746451,0.15412163226740716,0.11759018495457363,0.012136110764392454,0.09382058605113795
-10.524367259230191,-10.492231758197669,-10.508299508713929,0.19138453243243547,0.1216774657167038,0.014314387055439099,0.10677559847045169
-10.492231758197669,-10.460096257165148,-10.476164007681408,0.08230955674650654,0.12151920388834893,0.014003204728146534,0.10546930615634281
-10.460096257165148,-10.427960756132627,-10.444028506648888,0.09994821104390031,0.11916822690701365,0.017115028001069284,0.13523512862014625
-10.427960756132627,-10.395825255100107,-10.411893005616367,0.09695958472883505,0.11660557506782405,0.010891381455225084,0.0880683662720241
-10.395825255100107,-10.363689754067586,-10.379757504583846,0.1881705943817281,0.11328184439932157,0.013692022400853612,0.10925822476870525
-10.363689754067586,-10.331554253035065,-10.347622003551326,0.0915962892074387,0.10821406426399556,0.012758475418977436,0.09956837398408355
-10.331554253035065,-10.299418752002545,-10.315486502518805,0.05240072489621511,0.10210216659630934,0.012758475418977436,0.09749681669957155
-10.299418752002545,-10.267283250970024,-10.283351001486285,0.1363897525999338,0.09619943910750155,0.009957834473347612,0.0759335218437415
-10.267283250970024,-10.235147749937504,-10.251215500453764,0.08233550306319853,0.09069928125036253,0.01213611076439375,0.08833382568303981
-10.235147749937504,-10.203012248904981,-10.219079999421243,0.09622388320117678,0.08519017228970613,0.013380840073561677,0.10087622052358536
-10.203012248904981,-10.17087674787246,-10.186944498388721,0.04666446690394765,0.07964466214721014,0.009335469818763925,0.06977644349965037
-10.17087674787246,-10.13874124683994,-10.1548089973562,0.10510349687061407,0.07449581664320513,0.012758475418975708,0.0995675357959531
-10.13874124683994,-10.10660574580742,-10.12267349632368,0.07281538700211371,0.07071366607916339,0.007468375855011572,0.056507141663560086
-10.10660574580742,-10.074470244774899,-10.09053799529116,0.028065680980933354,0.06973836840249333,0.010891381455224652,0.08862323945570855
-10.074470244774899,-10.042334743742376,-10.058402494258637,0.06840668278160081,0.07200672741314365,0.008713105164179757,0.06808759019086681
-10.042334743742376,-10.010199242709856,-10.026266993226116,0.06556627048538202,0.07542009216884127,0.006846011200427022,0.054033940000641
-10.010199242709856,-9.978063741677335,-9.994131492193596,0.1536832172504743,0.07680009324457239,0.010891381455225946,0.08570458155629239
-9.978063741677335,-9.945928240644815,-9.961995991161075,0.06168416206406413,0.0753887978034898,0.010269016800640534,0.07891575049397026
-9.945928240644815,-9.913792739612294,-9.929860490128554,0.011930976662561842,0.07346276135623145,0.010580199127933456,0.08047315747377382
-9.913792739612294,-9.881657238579773,-9.897724989096034,0.08137754254875017,0.07280174484684361,0.007157193527719945,0.048582746477178175
-9.881657238579773,-9.849521737547253,-9.865589488063513,0.11250774999289424,0.07215788672942113,0.009335469818763925,0.06963818185436614
-9.849521737547253,-9.817386236514732,-9.833453987030992,0.0867468885495517,0.06941808675640347,0.008401922836886453,0.06580090214161514
-9.817386236514732,-9.785250735482212,-9.801318485998472,0.031734223506720886,0.0648284193665962,0.010580199127932592,0.07977270117789005
-9.785250735482212,-9.75311523444969,-9.769182984965951,0.06163855387947411,0.06055424079341132,0.007468375855010727,0.06034623280909561
-9.75311523444969,-9.720979733417169,-9.737047483933429,0.03931771633543541,0.0577713031695729,0.004978917236673806,0.04028947424940052
-9.720979733417169,-9.688844232384648,-9.704911982900908,0.08604581469534245,0.0555406807743099,0.006534828873134531,0.05151652821573794
-9.688844232384648,-9.656708731352127,-9.672776481868388,0.05553882448033846,0.052461799315610846,0.005601281891258787,0.04401884924039875
-9.656708731352127,-9.624573230319607,-9.640640980835867,0.03572156050903502,0.048435548396742946,0.005601281891259651,0.04451398782170819
-9.624573230319607,-9.592437729287084,-9.608505479803345,0.04309254935527172,0.04456681455215917,0.008401922836887284,0.061872324790535546
-9.592437729287084,-9.560302228254564,-9.576369978770824,0.04220517092785731,0.04198073542625489,0.005912464218550414,0.0440114048301734
-9.560302228254564,-9.528166727222043,-9.544234477738303,0.03265295733393917,0.041174482132185664,0.005601281891257923,0.040789165582457425
-9.528166727222043,-9.496031226189523,-9.512098976705783,0.03940883485137749,0.04207170762051719,0.006846011200427886,0.05331154375688442
-9.496031226189523,-9.463895725157002,-9.479963475673262,0.04546120990795225,0.04411245121043238,0.00746837585501114,0.0606899299047068
-9.463895725157002,-9.431760224124481,-9.447827974640742,0.03690879110751079,0.04633990615586868,0.002178276291044844,0.013780445463519753
-9.431760224124481,-9.39962472309196,-9.415692473608221,0.07858603113907359,0.047864961743576864,0.004356552582089688,0.03337606730642097
-9.39962472309196,-9.36748922205944,-9.3835569725757,0.02772150722710259,0.04854249632278157,0.00746837585501114,0.05141799073311548
-9.36748922205944,-9.33535372102692,-9.35142147154318,0.05378205910489068,0.04905978296018566,0.006846011200426158,0.052360027134894585
-9.33535372102692,-9.303218219994397,-9.31928597051066,0.04558147575753693,0.050203030863140735,0.007779558182303201,0.05635694172421258
-9.303218219994397,-9.271082718961877,-9.287150469478137,0.044100226386407655,0.05205812797930624,0.006534828873135395,0.04991760137634398
-9.271082718961877,-9.238947217929356,-9.255014968445616,0.06686299003040606,0.053974751168506446,0.5041153702132588,0.04949800991032784
-9.238947217929356,-9.206811716896835,-9.222879467413096,0.059347251954534816,0.05524185855659169,0.5660406533443937,0.055751428240268026
-9.206811716896835,-9.174676215864315,-9.190743966380575,0.051408736784855656,0.05566009348292121,0.5567051835256241,0.057162321431099984
-9.174676215864315,-9.142540714831792,-9.158608465348053,0.04985067146473426,0.05542390135175893,0.5436355257794546,0.05720670923297032
-9.142540714831792,-9.110405213799272,-9.126472964315532,0.07025143642726632,0.05471310764558375,0.5265204977786403,0.0506930692542893
-9.110405213799272,-9.078269712766751,-9.094337463283011,0.04694366976139821,0.053644575317493774,0.5062936465046578,0.04686815671779489
-9.078269712766751,-9.04613421173423,-9.06220196225049,0.04527960904533147,0.05243737136556243,0.4761089607572655,0.05125505356267808
-9.04613421173423,-9.01399871070171,-9.03006646121797,0.06361899704910534,0.051381852668721785,0.4739306844662336,0.040791404651972965
-9.01399871070171,-8.98186320966919,-8.99793096018545,0.042569050880337,0.050667713684687435,0.4686405849022682,0.05083219329025075
-8.98186320966919,-8.949727708636669,-8.965795459152929,0.041192986637005435,0.050263506335182694,0.4493472806101389,0.04676913314248458
-8.949727708636669,-8.917592207604148,-8.933659958120408,0.06632299013190328,0.04996200544870691,0.42040732417195975,0.049595620286566444
-8.917592207604148,-8.885456706571627,-8.901524457087888,0.04706130547255189,0.049684513533843344,0.43316579959093116,0.05028043646408564
-8.885456706571627,-8.853321205539105,-8.869388956055367,0.04158789626477035,0.04960487074349783,0.4088935780621323,0.05320348068967121
-8.853321205539105,-8.821185704506584,-8.837253455022845,0.040174247716042014,0.049630725409219055,0.38991145609730254,0.0556262279044668
-8.821185704506584,-8.789050203474064,-8.805117953990324,0.07010956349709054,0.048993173623987585,0.3852437211879325,0.037231200372667014
-8.789050203474064,-8.756914702441543,-8.772982452957804,0.05638435637430149,0.04693212103490661,0.3752858867146004,0.04833517044272938
-8.756914702441543,-8.72477920140902,-8.740846951925281,0.032874326329287766,0.04374328810408154,0.36937342249616606,0.044358987644841114
-8.72477920140902,-8.6926437003765,-8.70871145089276,0.035423127447795424,0.040641159399606226,0.35443667078614693,0.042453934241814865
-8.6926437003765,-8.66050819934398,-8.67657594986024,0.03420085882560923,0.03853684083230955,0.3606603173319967,0.03308060594007346
-8.66050819934398,-8.628372698311459,-8.64444044882772,0.03982560943869678,0.03728915358921091,0.3208289794385579,0.030445182267543648
-8.628372698311459,-8.596237197278938,-8.612304947795199,0.04163156020094642,0.036169758510952096,0.29873503420079106,0.017159202433232386
-8.596237197278938,-8.564101696246418,-8.580169446762678,0.03712383315326089,0.0347824538853919,0.31553887987458556,0.040293157391711784
-8.564101696246418,-8.531966195213897,-8.548033945730158,0.024118494355998728,0.0333770781266899,0.3080705040195658,0.028398549230291788
-8.531966195213897,-8.499830694181377,-8.515898444697637,0.03511708590101266,0.03237355341211236,0.29437848161869623,0.03918499197368088
-8.499830694181377,-8.467695193148856,-8.483762943665116,0.02543020590238267,0.031806396435148966,0.2651273428532021,0.02682102803407901
-8.467695193148856,-8.435559692116335,-8.451627442632596,0.04369364574351579,0.031334323218374455,0.29064429369118633,0.022190482742764087
-8.435559692116335,-8.403424191083813,-8.419491941600075,0.023838618181744965,0.030672362805380944,0.2557918730344132,0.026217318076971325
-8.403424191083813,-8.371288690051292,-8.387356440567553,0.030865005372055453,0.029812479732625383,0.26917271310800445,0.02902487317268554
-8.371288690051292,-8.339153189018772,-8.355220939535032,0.02733690666886171,0.028856490702380735,0.26326024888944716,0.04188391796232963
-8.339153189018772,-8.307017687986251,-8.323085438502511,0.03148154613578911,0.027904751267407567,0.2567254200163031,0.026465842731605658
-8.307017687986251,-8.274882186953729,-8.290949937469989,0.03035679445772874,0.027209379573784068,0.24645640321563902,0.03023595313486621
-8.274882186953729,-8.242746685921208,-8.258814436437468,0.011193134416373925,0.02716526188994129,0.25019059114316256,0.03244561260399141
-8.242746685921208,-8.210611184888688,-8.226678935404948,0.032886536637351506,0.0278829736533594,0.23525383943312297,0.03406293887438553
-8.210611184888688,-8.178475683856167,-8.194543434372427,0.03153531822629826,0.028848291876139954,0.23618738641500217,0.014310359039385904
-8.178475683856167,-8.146340182823646,-8.162407933339907,0.030688855643533287,0.0291849295397116,0.22591836961434825,0.024472806826934562
-8.146340182823646,-8.114204681791126,-8.130272432307386,0.03575460254409611,0.028283742189715362,0.23120846917831886,0.034233392717666296
-8.114204681791126,-8.082069180758605,-8.098136931274865,0.028720776530558267,0.026209086475724203,0.20133496575824322,0.03068695990816322
-8.082069180758605,-8.049933679726085,-8.066001430242345,0.01675522630135328,0.023603834353116637,0.20911452394055374,0.021479008089966386
-8.049933679726085,-8.017798178693564,-8.033865929209824,0.021547354068040224,0.021230659699817453,0.1913771312848835,0.02233766807501029
-8.017798178693564,-7.985662677661042,-8.001730428177304,0.01742032510061908,0.019560244298932442,0.1929330429213389,0.018026011890808886
-7.985662677661042,-7.953527176628521,-7.969594927144781,0.018544355566606326,0.018677682477034777,0.1848423024117309,0.015328184246535332
-7.953527176628521,-7.921391675596,-7.937459426112261,0.013067397716299379,0.0183888839660486,0.1720838269927491,0.016195722164927512
-7.921391675596,-7.88925617456348,-7.90532392507974,0.023718951816273346,0.018349556588932406,0.17706274422942894,0.016861756522278195
-7.88925617456348,-7.857120673530958,-7.873188424047219,0.01841129788036044,0.018252251992966283,0.1717726446654501,0.02052939370731012
-7.857120673530958,-7.824985172498438,-7.841052923014698,0.019314311444194796,0.0180240708989975,0.16523781579231084,0.01990895938027134
-7.824985172498438,-7.792849671465917,-7.808917421982177,0.01297455012605309,0.01778325878367627,0.17301737397462483,0.014034219410778708
-7.792849671465917,-7.760714170433396,-7.776781920949657,0.01675019133486117,0.01758910538721743,0.16181481019209518,0.016565113517593606
-7.760714170433396,-7.728578669400875,-7.744646419917135,0.026867597343721086,0.017378848854210448,0.15652471062811676,0.017797930330041966
-7.728578669400875,-7.696443168368354,-7.712510918884615,0.010487591986722354,0.017167761848167592,0.15123461106415395,0.032262698360036236
-7.696443168368354,-7.664307667335834,-7.680375417852094,0.012642191425861362,0.0170994318871165,0.1534128873551962,0.01874315294643143
-7.664307667335834,-7.632172166303312,-7.648239916819573,0.02325201249166675,0.017202652050804925,0.15185697571873127,0.00991320618102143
-7.632172166303312,-7.600036665270792,-7.616104415787052,0.015478431069851943,0.017253546577694977,0.1475004231366406,0.01317424083642833
-7.600036665270792,-7.567901164238271,-7.583968914754531,0.017274867954305703,0.016966225312466967,0.14532214684559144,0.008680592798888474
-7.567901164238271,-7.53576566320575,-7.551833413722011,0.023323740307400254,0.016251673369844094,0.14812278779122556,0.01380099022132239
-7.53576566320575,-7.503630162173229,-7.519697912689489,0.007595983682063731,0.015273558243930677,0.12820711884450262,0.014015608117260991
-7.503630162173229,-7.471494661140708,-7.487562411656969,0.016629247086086093,0.01427866458008712,0.12385056626241475,0.013037136032709198
-7.471494661140708,-7.439359160108188,-7.455426910624448,0.013179368342368802,0.01340573934926583,0.12478411324428705,0.019997956927517792
-7.439359160108188,-7.407223659075666,-7.423291409591927,0.012738420403251165,0.012677533282054607,0.11482627877092418,0.0068414922415387745
-7.407223659075666,-7.3750881580431455,-7.391155908559406,0.012199675002803459,0.012116925385768793,0.13100775979014032,0.011042847738527812
-7.3750881580431455,-7.342952657010625,-7.359020407526885,0.008264708312801416,0.011765033515901014,0.11949401368031642,0.008120594511312038
-7.342952657010625,-7.310817155978104,-7.326884906494365,0.014237086471236239,0.011570387947325352,0.12353938393512054,0.012256499067931366
-7.310817155978104,-7.278681654945583,-7.294749405461843,0.009426561854069796,0.011349885330707072,0.1182492843711432,0.011762880591469635
-7.278681654945583,-7.246546153913062,-7.2626139044293225,0.0158432227155708,0.010938791851289625,0.10673553826132258,0.012732844236717765
-7.246546153913062,-7.214410652880542,-7.230478403396802,0.008867375265865418,0.010394423687258608,0.10549080895215263,0.01544060928167333
-7.214410652880542,-7.18227515184802,-7.198342902364281,0.0070110985971485965,0.010007643414162586,0.11140327317071205,0.017637386847641028
-7.18227515184802,-7.1501396508154995,-7.16620740133176,0.00906491443680162,0.010072188310808652,0.10051189171547277,0.006958631816058169
-7.1501396508154995,-7.118004149782979,-7.134071900299239,0.00805617514458517,0.010651446397315117,0.10362371498840113,0.004987514976109006
-7.118004149782979,-7.085868648750458,-7.101936399266719,0.01627781887741245,0.011592519046347664,0.09242115120586801,0.01202514712010499
-7.085868648750458,-7.053733147717937,-7.069800898234197,0.008950102214682456,0.012696930651218135,0.10393489731568903,0.005754773936950951
-7.053733147717937,-7.021597646685416,-7.0376653972016765,0.013322594518590263,0.013783478840840456,0.09242115120587147,0.01663628063582684
-7.021597646685416,-6.989462145652896,-7.005529896169156,0.01734539045561713,0.014635004002991754,0.2358762040877045,0.014255409420670826
-6.989462145652896,-6.957326644620374,-6.973394395136635,0.018688056760858645,0.01505631201366343,0.23525383943311648,0.012223333463477601
-6.957326644620374,-6.9251911435878535,-6.941258894104114,0.013229300933878536,0.015047135088779614,0.21098161790431216,0.009934730566454636
-6.9251911435878535,-6.893055642555333,-6.909123393071593,0.014642599461197364,0.0148254481401631,0.23027492219644313,0.013524474611111123
-6.893055642555333,-6.860920141522811,-6.876987892039072,0.0135951982063965,0.014625374684982477,0.2343202924512373,0.013100359287958049
-6.860920141522811,-6.828784640490291,-6.844852391006551,0.014772420955953191,0.014494412819600906,0.2206282700503742,0.012484957504315943
-6.828784640490291,-6.79664913945777,-6.8127168899740305,0.01431227008975619,0.014285972873991918,0.1988455071399033,0.010556916654429623
-6.79664913945777,-6.7645136384252496,-6.78058138894151,0.017487030036391987,0.01382487197988502,0.19822314248524922,0.00926917413476479
-6.7645136384252496,-6.732378137392728,-6.748445887908989,0.01140263010044517,0.013095844472754562,0.19822314248458386,0.01709053153100794
-6.732378137392728,-6.7002426363602074,-6.716310386876468,0.012993205523419196,0.012307792167592466,0.1966672308481217,0.012673872834010835
-6.7002426363602074,-6.668107135327687,-6.684174885843947,0.009780543715403676,0.011769851788042705,0.19355540757522788,0.012587874948769695
-6.668107135327687,-6.635971634295165,-6.652039384811426,0.008090996925760135,0.011659230951226479,0.1988455071391481,0.010876331562605047
-6.635971634295165,-6.603836133262645,-6.619903883778905,0.013581004774933226,0.011866182792329854,0.18826530801128838,0.011733340420993658
-6.603836133262645,-6.571700632230124,-6.587768382746384,0.014383240699290803,0.012077889869698027,0.17644037957421863,0.012670128276618816
-6.571700632230124,-6.5395651311976035,-6.555632881713864,0.012297253605103059,0.012043110366614347,0.18577584939295536,0.012418211620066247
-6.5395651311976035,-6.507429630165082,-6.523497380681343,0.012318473851979246,0.011763626861286553,0.18235284379274846,0.009632967703393367
-6.507429630165082,-6.475294129132561,-6.491361879648822,0.009974619083621494,0.011444304346545187,0.1857758493929657,0.009946642976656744
-6.475294129132561,-6.443158628100041,-6.459226378616301,0.0104085325332323,0.011290709535958933,0.16741609208273123,0.011100862210887082
-6.443158628100041,-6.411023127067519,-6.42709087758378,0.010466024315026454,0.011348347627310832,0.16990555070108718,0.008579922835087548
-6.411023127067519,-6.378887626034999,-6.394955376551259,0.013235227368404816,0.011499434806134214,0.17737392655604947,0.010191755942038621
-6.378887626034999,-6.346752125002478,-6.362819875518738,0.01117694489839631,0.01159041592537129,0.1910659489569087,0.010464823328635277
-6.346752125002478,-6.3146166239699575,-6.330684374486218,0.013458418177092616,0.011556033867401677,0.1867093963748311,0.011687405292152368
-6.3146166239699575,-6.282481122937436,-6.298548873453697,0.008894522126472832,0.011414927089982612,0.1835975731018942,0.008707872516910357
-6.282481122937436,-6.250345621904915,-6.266413372421176,0.011687965718369333,0.011164389715906792,0.21751644677667886,0.016888126462557267
-6.250345621904915,-6.218210120872395,-6.234277871388655,0.013691795211996205,0.01074014158414077,0.1960448661935782,0.02524641658639914
-6.218210120872395,-6.186074619839873,-6.202142370356134,0.009520570850255232,0.0101142528090489,0.1910659489569276,0.014678236426110845
-6.186074619839873,-6.153939118807353,-6.170006869323613,0.00892240685451115,0.009384434314764024,0.15963653390044832,0.010351810327414477
-6.153939118807353,-6.121803617774832,-6.137871368291092,0.007537764142762375,0.008711257460990824,0.1499898817544243,0.007262587576870158
-6.121803617774832,-6.0896681167423115,-6.105735867258572,0.00838216764177461,0.008181205890995727,0.14158795891758405,0.007121820545850964
-6.0896681167423115,-6.05753261570979,-6.073600366226051,0.00759400078093808,0.007762464352506445,0.12042756066177081,0.005907338158639335
-6.05753261570979,-6.025397114677269,-6.04146486519353,0.007865236283686827,0.0073808787655599405,0.12011637833445919,0.006616461039316833
-6.025397114677269,-5.993261613644749,-6.009329364161009,0.00758889458238996,0.007012968465419957,0.1235393839346645,0.015397237997864532
-5.993261613644749,-5.961126112612227,-5.9771938631284875,0.004839262659066061,0.006696986117201518,0.1073579029155073,0.013178543879027005
-5.961126112612227,-5.928990611579707,-5.945058362095967,0.006676910017801548,0.006468991883753237,0.11015854386116514,0.005357064332758403
-5.928990611579707,-5.896855110547186,-5.912922861063446,0.007122226323106607,0.006315830812970439,0.1030013503334223,0.0092625984450821
-5.896855110547186,-5.864719609514665,-5.880787360030926,0.0058443500036099785,0.0061972268051065545,0.1030013503334292,0.004494148418082945
-5.864719609514665,-5.832584108482144,-5.848651858998405,0.005256184517016552,0.006079486738718419,0.0942882451692956,0.00783226597991674
-5.832584108482144,-5.800448607449623,-5.816516357965884,0.00707007981606076,0.005932883970991602,0.09335469818738791,0.006361935798607632
-5.800448607449623,-5.768313106417103,-5.784380856933363,0.005880962304579433,0.005732769616253284,0.08557514000512229,0.006065512238677128
-5.768313106417103,-5.736177605384581,-5.7522453559008415,0.005340680612335309,0.005484223875532628,0.08495277535056259,0.0036383818392297152
-5.736177605384581,-5.704042104352061,-5.720109854868321,0.0048010973704202715,0.0052221765912457115,0.0809074050957332,0.005586561112577207
-5.704042104352061,-5.67190660331954,-5.6879743538358,0.005156055378354637,0.0049732393694978195,0.08339686371408349,0.005037747407486949
-5.67190660331954,-5.639771102287019,-5.65583885280328,0.0046727215951300055,0.004733644215919236,0.07623967018638557,0.004924340275429483
-5.639771102287019,-5.607635601254498,-5.623703351770759,0.005012225241148344,0.004493514409324394,0.06877129433138461,0.0054723095270147815
-5.607635601254498,-5.575500100221977,-5.591567850738238,0.0037594451290431097,0.004268998696426338,0.07935149345930356,0.0037872801588389555
-5.575500100221977,-5.543364599189457,-5.559432349705717,0.0037859881228962345,0.004096583575564094,0.0585022775307706,0.0024848621016129433
-5.543364599189457,-5.511229098156935,-5.5272968486731955,0.0038204570786982478,0.003995912518247559,0.05787991287618402,0.002442418336389161
-5.511229098156935,-5.479093597124415,-5.495161347640675,0.003980150269232166,0.003946948183882685,0.05663518356702948,0.0023995576050262397
-5.479093597124415,-5.446958096091894,-5.463025846608154,0.0042650838383570654,0.0039046383884122743,0.058191095203472924,0.002897741462943618
-5.446958096091894,-5.4148225950593725,-5.430890345575634,0.0037312964970360575,0.0038287717686047097,0.06285883011286374,0.004468199301820647
-5.4148225950593725,-5.382687094026852,-5.398754844543112,0.003736693910603589,0.0036997394107559094,0.05694636589430642,0.013058983487424744
-5.382687094026852,-5.350551592994331,-5.3666193435105916,0.004117055880833471,0.003521543168083152,0.05663518356702602,0.0038410370042353914
-5.350551592994331,-5.31841609196181,-5.33448384247807,0.002906873631717597,0.003322277949505924,0.044499072802667745,0.0026333709150356075
