psi,reference_free_energy_kj_mol,implicit_reference_free_energy_kj_mol,proposal_free_energy_kj_mol,reweighted_free_energy_kj_mol
-3.141592653589793,6.611788612202009,6.038542203978196,6.039586482280257,7.264218122617628
-3.110018858076328,6.289555174021429,5.718506415309273,5.882337849529723,7.171475224377669
-3.0784450625628628,6.118191763268992,5.538760131067651,5.764061487156906,7.103341206507855
-3.046871267049397,6.087429673872794,5.490699318604021,5.683581954309705,7.059613304160351
-3.015297471535932,6.185206226937615,5.564319133500627,5.639566123352476,7.040074110268231
-2.983723676022467,6.397676254689413,5.74819380606119,5.630500620843907,7.044489660742908
-2.9521498805090016,6.709428631404638,6.029586158792834,5.654667561226427,7.072607147001303
-2.9205760849955364,7.10396036649443,6.394730342879236,5.710119597263161,7.12415218584948
-2.889002289482071,7.564412483263355,6.829306259474597,5.794656049086498,7.198825567275684
-2.8574284939686057,8.074500262099422,7.319073924031649,5.905802833213771,7.296299391362815
-2.8258546984551405,8.619499344532123,7.8505709073143715,6.040800039604521,7.416212497084954
-2.7942809029416753,9.18710352468672,8.411724657639915,6.1966021356466845,7.558165079368026
-2.76270710742821,9.767958555101371,8.99222964184567,6.369896591652698,7.7217123881595615
-2.7311333119147445,10.35570262626181,9.583602743518144,6.5571467283237475,7.906357406725855
-2.6995595164012793,10.946433925626945,10.178936044654549,6.754663170568406,8.111542419151641
-2.667985720887814,11.537707552457077,10.772464613839402,6.958704915773392,8.33663940312044
-2.636411925374349,12.127397650179832,11.359118494980422,7.165605565882345,8.580939228408077
-2.604838129860884,12.712908400670093,11.934220967905233,7.371913427649943,8.84363970951643
-2.573264334347418,13.291126395982044,12.49342932098403,7.574527687969651,9.123832657536779
-2.5416905388339535,13.859133946860684,13.032889155370997,7.770809207199919,9.420490204654644
-2.510116743320488,14.415196451623745,13.549421052214976,7.95864594082377,9.732450832797202
-2.4785429478070227,14.959214982257407,14.040487865125266,8.13646042248695,10.058405714647995
-2.4469691522935575,15.491990595317928,14.50383487623231,8.303158609658976,10.396886144281217
-2.4153953567800923,16.0132706408183,14.937046928632283,8.458032169251956,10.74625294751166
-2.383821561266627,16.519315121324034,15.337574796980011,8.600635895804647,11.104688741894549
-2.3522477657531615,17.001306558841357,15.70368510939799,8.730665633194238,11.470193656330988
-2.3206739702396963,17.446110157901288,16.03614416113499,8.84785936585782,11.840584492548649
-2.289100174726231,17.84022646118909,16.33962719480609,8.951936705826164,12.213496193696214
-2.257526379212766,18.175761941791265,16.622604496895317,9.04258247688755,12.58638281690904
-2.225952583699301,18.454832352099377,16.89519727506162,9.1194709925599,12.956513067445055
-2.194378788185835,18.68891743678771,17.16568113348503,9.182320652663776,13.320953172053668
-2.16280499267237,18.893338637178907,17.437032736404788,9.230964451293712,13.676528144451964
-2.131231197158905,19.080580491847094,17.704927097104207,9.26542097237095,14.019752487550317
-2.0996574016454397,19.25621517954505,17.95827225629646,9.285952014704531,14.346724760781896
-2.0680836061319745,19.418937593179255,18.182770159868166,9.293096386502855,14.65298932617825
-2.036509810618509,19.564174888482118,18.366655558236555,9.287673754396884,14.93338510033148
-2.0049360151050437,19.68935083710717,18.505922951599533,9.270756892055314,15.181926191721505
-1.9733622195915785,19.797967825186667,18.6058712301288,9.243614624992624,15.391789828159101
-1.9417884240781134,19.900020078993,18.678075527738944,9.207630865766284,15.55551150041606
-1.910214628564648,20.008280407798498,18.734979887826682,9.164207280813331,15.66548243029077
-1.8786408330511828,20.132137592675054,18.78509267177932,9.11465839437206,15.714780660365737
-1.8470670375377176,20.271197970857177,18.830280112264138,9.060108464410028,15.698232592953563
-1.8154932420242522,20.410447406469952,18.865141128303407,9.001399428970785,15.613439696455035
-1.783919446510787,20.519324599038587,18.87807561545814,8.939018757493141,15.46142037574533
-1.7523456509973219,20.55847040787975,18.85392892527577,8.873055196479093,15.246607615939404
-1.7207718554838565,20.49568379384937,18.778027486722515,8.803189059381717,14.976191246855084
-1.6891980599703913,20.32280067564817,18.640564526040073,8.728721580719949,14.659048866087216
-1.657624264456926,20.058417894412816,18.439364564446063,8.648644539122959,14.30461506399577
-1.6260504689434607,19.733371881803446,18.179483133347308,8.561746593882134,13.92196597856023
-1.5944766734299956,19.372842802121834,17.870074118577847,8.466746801576722,13.51923792350784
-1.5629028779165302,18.98775007695572,17.52064781837431,8.362439604525242,13.10336191686936
-1.531329082403065,18.576705006034583,17.138705923536655,8.247831028834566,12.680027610887628
-1.4997552868895996,18.13360533107613,16.729341456183196,8.122244986546505,12.253781094265628
-1.4681814913761344,17.655298545636402,16.296148311622417,7.985382816131679,11.828182032908103
-1.4366076958626692,17.1452207039383,15.84235745694511,7.837328198341716,11.40597308131861
-1.4050339003492038,16.612012872066046,15.371393206442141,7.678501065856137,10.989236990104335
-1.3734601048357387,16.065369159944705,14.886652491690493,7.509574630547361,10.57953160248809
-1.3418863093222735,15.512305085567053,14.390855774055588,7.331376053232713,10.178001169022538
-1.310312513808808,14.955623063082507,13.88552266377868,7.144792081366964,9.785466264692017
-1.278738718295343,14.3945804453922,13.370962251601645,6.950696696296582,9.402495912324285
-1.2471649227818777,13.826840989684557,12.846820716127489,6.749910382463348,9.02946555067295
-1.2155911272684123,13.250625183995377,12.31292079722476,6.543192410478994,8.666603972568854
-1.1840173317549472,12.666210796035095,11.770004223141855,6.33126047213099,8.314031689708969
-1.1524435362414818,12.076386612382521,11.220079492038648,6.114827329204363,7.971792541864401
-1.1208697407280166,11.485953699460973,10.66630212440517,5.8946423126721434,7.639879834339883
-1.0892959452145514,10.900682782672426,10.112529071941388,5.6715264099242,7.318257878003541
-1.0577221497010862,10.326182324242541,9.56278298104845,5.44639271825417,7.006879515609677
-1.0261483541876206,9.767004367296114,9.020823232286935,5.220248304389254,6.705700030673858
-0.9945745586741555,9.226158295217585,8.48991297521375,4.994177926348794,6.414687731441804
-0.9630007631606903,8.705080808907445,7.972767288827407,4.769313676014408,6.133831462325832
-0.9314269676472251,8.204010707621121,7.471606884079779,4.546796750217203,5.863145298831411
-0.8998531721337599,7.722618695979079,6.988231557406692,4.327738073236194,5.6026707110669705
-0.8682793766202943,7.260663896596489,6.524056830674301,4.113183615629473,5.352476519271988
-0.8367055811068291,6.818440546929695,6.080105610345537,3.9040884865749605,5.112656999371074
-0.805131785593364,6.3968727834306085,5.65698996709169,3.701301783184557,4.883328518145076
-0.7735579900798988,5.9972785785444165,5.254935548753494,3.505562226586143,4.664625081070735
-0.7419841945664336,5.620965895289468,4.873884463261213,3.3175030942023795,4.456693159986617
-0.7104103990529684,5.268867564390414,4.513670469956262,3.1376639920561233,4.259686134491892
-0.6788366035395028,4.941359042736266,4.1742154696796625,2.9665065934311095,4.073758634605182
-0.6472628080260376,4.638290518169177,3.855674270303453,2.8044315187302997,3.8990610180732497
-0.6156890125125725,4.3591691526034015,3.558470233507932,2.651793930042679,3.7357341592866162
-0.5841152169991073,4.103387145967893,3.2832112715187565,2.5089160385515568,3.583904672807812
-0.5525414214856421,3.8704070950408314,3.0305282014420705,2.376095454225724,3.443680646628468
-0.5209676259721765,3.6598618460011845,2.80090670098915,2.253609038405145,3.3151479206454613
-0.4893938304587113,3.4715693808128325,2.5945761475179583,2.141712562654658,3.1983669153700105
-0.45782003494524615,3.3054846695303484,2.4114819837421377,2.040636967631688,3.0933699943560113
-0.42624623943178097,3.1616116467655027,2.2513261726942972,1.9505823180986075,3.0001593303000855
-0.3946724439183158,3.0398949215675395,2.1136355443294685,1.8717106581122087,2.9187052378420804
-0.3630986484048506,2.9401141304137557,1.9978201657248178,1.804138903090181,2.8489449342879056
-0.331524852891385,2.8618106537177925,1.9032063349858541,1.747932701214933,2.7907816914021413
-0.2999510573779198,2.8042733969628912,1.8290537749283682,1.7031019047107712,2.7440843459777238
-0.26837726186445465,2.7665895803654252,1.7745775663180567,1.6695979641922662,2.708687143331123
-0.23680346635098948,2.7477360795460246,1.7389869705839813,1.647313245551042,2.6843898958104706
-0.2052296708375243,2.746666468419934,1.7215335353414756,1.636082009980729,2.6709584477475046
-0.17365587532405868,2.7623540053716966,1.7215447975055365,1.6356826241087277,2.6681254491278503
-0.1420820798105935,2.7937792434653104,1.7384196957948772,1.6458404959836994,2.6755914527062035
-0.11050828429712833,2.839883700238556,1.7715793769427814,1.6662312661445735,2.693026363285064
-0.07893448878366316,2.8995266785307288,1.8203929177830331,1.6964839078068608,2.7200712829427927
-0.047360693270197984,2.971473146373481,1.8841160470289409,1.7361835782582051,2.756340811072659
-0.015786897756732365,3.0544169756422725,1.961879319209059,1.7848742753809541,2.801425871352409
0.01578689775673281,3.1470247063195926,2.052737603244982,1.8420615439032801,2.854897146545852
0.047360693270197984,3.247982621398767,2.155755716537576,1.9072156031948702,2.916309202937312
0.07893448878366316,3.356041304295105,2.2700762801438517,1.979775301097752,2.9852053753427152
0.11050828429712833,3.470062930086634,2.394916344837632,2.0591532240012675,3.061123457204445
0.14208207981059395,3.5890753099355113,2.5294762077622397,2.144742122540995,3.143602195259079
0.17365587532405913,3.712323946338526,2.672801123792022,2.2359225775676403,3.2321885234224585
0.2052296708375243,3.839301271968332,2.8236802393789278,2.332071581372552,3.3264453873794992
0.23680346635098948,3.9697326629756784,2.9806647227829624,2.432571499345224,3.4259599149618984
0.26837726186445465,4.103512847479804,3.142230927361576,2.5368187547203354,3.5303515867326607
0.2999510573779198,4.240605300674841,3.307031623763026,2.644231571498569,3.6392799687561213
0.33152485289138545,4.38093186489339,3.4741196860869534,2.7542562177302017,3.7524514999890024
0.3630986484048506,4.524286328580145,3.6430369743918245,2.86637138420339,3.8696247946888254
0.3946724439183158,4.670303352047254,3.813736974455061,2.9800905622205374,3.9906139373777676
0.42624623943178097,4.818501275148169,3.986404128895174,3.0949624918946412,4.115289320094941
0.45782003494524615,4.968393288974213,4.161281976064744,3.210569892463294,4.243575696790764
0.48939383045871176,5.119632607252503,4.338596525087354,3.3265267350641956,4.375447296895642
0.5209676259721769,5.272138244562946,4.518584634492918,3.4424742818716494,4.510920030766446
0.5525414214856421,5.42615276686741,4.7015642873437855,3.5580760242955067,4.650041010390929
0.5841152169991073,5.582212839565198,4.887960186920881,3.673011551473363,4.7928757748721385
0.6156890125125725,5.7410518781921684,5.078233651908689,3.78696931159305,4.939493730249248
0.6472628080260376,5.903479883543468,5.272733197060479,3.8996382219772494,5.089952371698658
0.6788366035395033,6.070286352387018,5.471537954755302,4.010698149369845,5.244280845457247
0.7104103990529684,6.242191438986487,5.674376947862334,4.119809412922134,5.4024633280158
0.7419841945664336,6.419841102975362,5.8806672706241505,4.226601644502632,5.564422557735147
0.7735579900798988,6.6038166810475385,6.089646638684039,4.330662561281048,5.730003660019218
0.805131785593364,6.794617714471149,6.3005211759665825,4.431527457405583,5.898958175457187
0.8367055811068296,6.99258556713594,6.512544386016782,4.528670500081523,6.070927947446362
0.8682793766202943,7.197765125889697,6.72499587546781,4.621499203584146,6.245428272318323
0.8998531721337599,7.409741676667699,6.937105775260365,4.70935370556191,6.421829489201629
0.9314269676472255,7.627517200806848,7.148016966365002,4.791512592179866,6.599336030601517
0.9630007631606903,7.849482613911289,7.3568532347609095,4.8672068787496725,6.776961931168678
0.9945745586741559,8.0734966591253,7.562877654793126,4.9356432022080945,6.9535019946705745
1.0261483541876206,8.297024138332008,7.7656382467447065,4.996036214214157,7.127498378207301
1.0577221497010862,8.51725919092798,7.964971690865997,5.047648588685892,7.297203435195483
1.0892959452145519,8.73119173094699,8.160796724896837,5.089835170709638,7.460541448216334
1.1208697407280166,8.935650388890362,8.352745202521694,5.122085997301249,7.615074521270921
1.1524435362414822,9.127415168855846,8.539783828680454,5.1440617594696425,7.757981365379326
1.184017331754947,9.303478503668424,8.72001357746077,5.155615276621925,7.88606160827611
1.2155911272684126,9.461431906473518,8.890771538368025,5.156794014089448,7.995781558917033
1.2471649227818782,9.59982015442887,9.049017747603036,5.147821482484926,8.083378199292646
1.278738718295343,9.718233191205423,9.191828594731257,5.129058965447945,8.145034027291844
1.3103125138088085,9.816978047897813,9.316736225842115,5.1009525940267615,8.177123941238058
1.3418863093222733,9.896378663259885,9.421730426810385,5.06397347438753,8.176516407369691
1.3734601048357389,9.955971214192848,9.504955512463779,5.018559795145721,8.140888596649075
1.4050339003492045,9.99394973029117,9.564348411602072,4.965069412098749,8.068997604928938
1.4366076958626692,10.007113197738912,9.597512650135462,4.903749534488873,7.960847548798288
1.4681814913761349,9.991340268300405,9.601959068044676,4.834727264511417,7.8177109353765335
1.4997552868895996,9.942406003471026,9.575581423366607,4.758021404671425,7.641997859255023
1.5313290824030652,9.85686071061121,9.517068219665875,4.6735726677016665,7.437004523225655
1.56290287791653,9.732725672051869,9.426010082475987,4.58128667660018,7.206597874394575
1.5944766734299956,9.569859811287168,9.302695570548051,4.48108234618287,6.9548977197788755
1.6260504689434612,9.369950384275297,9.147802703172374,4.372937714316328,6.686004167501723
1.657624264456926,9.136165932961704,8.962222401428042,4.25692618202104,6.403796111851582
1.6891980599703915,8.872588329228236,8.747099413936729,4.1332382937453325,6.111805452668159
1.7207718554838562,8.583593086763035,8.503995000792793,4.002187199852189,5.8131574161421025
1.7523456509973219,8.273340076412486,8.235007243299652,3.864199118814085,5.510560718925694
1.7839194465107875,7.9454698856598815,7.942753212388655,3.7197927357721055,5.206330574035947
1.8154932420242522,7.603013768554564,7.630232499452382,3.569552988164287,4.902430091022268
1.8470670375377178,7.2484632735404535,7.300649744690222,3.4141048787031263,4.600519350776667
1.8786408330511826,6.883930352194142,6.9572495544942194,3.2540919628224323,4.302005046264059
1.9102146285646482,6.511347738155006,6.603167033252782,3.090162393023384,4.008086499378628
1.9417884240781138,6.1326785460206095,6.241284921680559,2.922963388385371,3.7197959681461863
1.9733622195915785,5.750096367378615,5.874119920935944,2.753143211005514,3.438032544828426
2.004936015105044,5.366071957380277,5.50378917000878,2.5813584991578358,3.163589783055435
2.036509810618509,4.983302489526156,5.132090027189976,2.408284265265661,2.89717764611207
2.0680836061319745,4.604476044517588,4.760667775100554,2.234623973458439,2.639439571898998
2.09965740164544,4.231955802770311,4.391193041802354,2.0611176957506023,2.390965499316476
2.131231197158905,3.8675304696787878,4.025466638937683,1.8885471732327235,2.152301661365579
2.1628049926723705,3.512358218230237,3.6654169364809475,1.71773744641324,1.9239578646078122
2.194378788185835,3.1671369388305584,3.313017484654639,1.549555388379032,1.706412869367023
2.225952583699301,2.832421095651316,2.9701879788897854,1.3849058804131802,1.5001183763127441
2.2575263792127664,2.5089410919435857,2.6387335818059605,1.22472650266274,1.3055020221852653
2.289100174726231,2.197797190369245,2.3203411358393273,1.0699815290281058,1.1229696954460597
2.320673970239697,1.9004781144705736,2.0166139143480843,0.9216558063183069,0.9529074038401077
2.3522477657531615,1.618741498608589,1.7291094129906592,0.7807488551646069,0.7956828607547983
2.383821561266627,1.3544408172229496,1.4593510354769457,0.6482693245765747,0.6516469052654916
2.415395356780092,1.1093774906483955,1.2088052238256082,0.5252298012440024,0.5211348306180192
2.4469691522935575,0.8852177555646249,0.9788369788332104,0.41264192542649836,0.4044676660110311
2.478542947807023,0.6834723301695653,0.770668202017241,0.3115117819445343,0.301953435175744
2.510116743320488,0.5055127084646113,0.5853611938381168,0.22283559092594363,0.21388840070186155
2.5416905388339535,0.3525945468669982,0.4238371313164623,0.1475957911939174,0.14055829375346818
2.573264334347418,0.22586931119203968,0.2869235245423011,0.08675766757530412,0.08223952337816809
2.604838129860884,0.12638072408144707,0.1754127947558326,0.041266708053157686,0.039200356879252496
2.6364119253743494,0.05505470806652635,0.09011075343580988,0.012046881363743767,0.011702061774850225
2.667985720887814,0.012695880006191373,0.031859444162682715,0.0,0.0
2.69955951640128,0.0,0.0015306632622155147,0.006006281087296728,0.004344665714485663
2.7311333119147445,0.017584209734717193,0.0,0.030926143899742797,0.0249826590205231
2.76270710742821,0.06603173595485057,0.028122420808738946,0.0756031948727025,0.06215758886729672
2.7942809029416757,0.14595008556076033,0.08673711847796006,0.14086825681191795,0.11611089932615859
2.8258546984551405,0.2580526601609783,0.1767311490931286,0.22754420741970516,0.18708261423561146
2.857428493968606,0.40328900525604605,0.29918800824955694,0.33645131260357264,0.2753119959643109
2.889002289482071,0.5830593103499698,0.4556366765097982,0.4684126814970393,0.38103811477047667
2.9205760849955364,0.7995414271440701,0.6483949228492097,0.6242594406657751,0.5045003260030367
2.952149880509002,1.0561226664722065,0.8809661253138062,0.8048352300221284,0.6459386532449418
2.983723676022467,1.357866400861134,1.15840895683484,1.0109996642276549,0.8055940764721412
3.0152974715359324,1.7118813809928906,1.4875736400403503,1.2436304780702374,0.9837087254110348
3.046871267049397,2.1274436082319514,1.8771102418553252,1.503624175238672,1.1805259795089356
3.0784450625628628,2.6157768815844507,2.3372110639559875,1.791895116258994,1.3962904772615299
3.1100188580763284,3.1895116328403827,2.8791293644632834,2.1093731002489235,1.631248039019928
3.141592653589793,3.861951182939099,3.5145810556196793,2.456999603717038,1.8856455087722739
