phi,reference_free_energy_kj_mol,implicit_reference_free_energy_kj_mol,proposal_free_energy_kj_mol,reweighted_free_energy_kj_mol
-3.141592653589793,14.632288547569965,15.30976236802973,7.659693202876957,9.724213063648707
-3.110018858076328,12.969108754578142,13.46212092935798,7.057111268941039,8.925332908845812
-3.0784450625628628,11.626377074999523,12.02094263290466,6.510205284431127,8.185300842974709
-3.046871267049397,10.455067635259898,10.828499618321224,6.013554235632727,7.498805724439539
-3.015297471535932,9.360057136041014,9.783840334676878,5.561420183614816,6.8607617726540715
-2.983723676022467,8.320058384356706,8.819530215207639,5.147912492684867,6.266578325279255
-2.9521498805090016,7.355595291921108,7.901763844105529,4.7672170574891695,5.7124049236725325
-2.9205760849955364,6.484472252583194,7.034240918687328,4.413874323829589,5.195300473824675
-2.889002289482071,5.708583797728,6.233048456365692,4.0830702773612995,4.713285623498459
-2.8574284939686057,5.021271866114783,5.509540259476662,3.7708888225063366,4.265262569011866
-2.8258546984551405,4.412209838898363,4.865921596259914,3.4744710214090317,3.8508181276571944
-2.7942809029416753,3.870090834755241,4.291431629299163,3.192042187529942,3.4699526775601575
-2.76270710742821,3.3878631315287713,3.780256256501714,2.92279920235366,3.122790916336726
-2.7311333119147445,2.964064301248781,3.3404621342630434,2.6666862352978944,2.809328348845191
-2.6995595164012793,2.5993758734678383,2.9736852039780017,2.4241128741787525,2.529253687351381
-2.667985720887814,2.293862477989258,2.6690380126673037,2.1956752540937168,2.281867592214301
-2.636411925374349,2.045485735177122,2.4162613857978394,1.9819284276641884,2.0660969603480064
-2.604838129860884,1.851241782491757,2.211286947268592,1.7832349704863049,1.880584258326526
-2.573264334347418,1.7090340275309095,2.0533880480128355,1.5996908917726875,1.7238159132812612
-2.5416905388339535,1.6145242243123752,1.9420333883700842,1.4311129812074963,1.5942460196452306
-2.510116743320488,1.5592298193627068,1.8755565898859154,1.2770648931752264,1.490375052346493
-2.4785429478070227,1.536162308014747,1.8503321497572112,1.1369014914106619,1.4107588131684212
-2.4469691522935575,1.5438294085794975,1.8581235377015923,1.0098184447148673,1.3539466943866962
-2.4153953567800923,1.580649762107845,1.888015132678057,0.8949020210434036,1.3183724888078656
-2.383821561266627,1.6379055418189252,1.9301603559070324,0.7911786358704145,1.3022365139454408
-2.3522477657531615,1.7035073125437186,1.9772238626860525,0.6976635683640735,1.3034192121003074
-2.3206739702396963,1.77393313528784,2.0301399549489014,0.61340490851047,1.3194538274782086
-2.289100174726231,1.8573174936405277,2.09340687211628,0.5375158035870358,1.3475647606290648
-2.257526379212766,1.9591082113477696,2.1650231936529885,0.46918891010145325,1.3847573412646341
-2.225952583699301,2.0696042541338127,2.239051096342313,0.40769275181039655,1.427932655511469
-2.194378788185835,2.173638230550328,2.3087118416317156,0.35235812183169557,1.4740028418144357
-2.16280499267237,2.266741206851632,2.3669794901549466,0.30256892261333457,1.5199961889549483
-2.131231197158905,2.350934397354909,2.412636869217823,0.25777120244638363,1.56315775396156
-2.0996574016454397,2.4223901788481785,2.449708484868296,0.21750497302306138,1.6010564648111012
-2.0680836061319745,2.475403820079578,2.476257649173273,0.1814487009797101,1.6316953292944427
-2.036509810618509,2.5102443147980757,2.4811851790709776,0.149453064704534,1.6535931791309284
-2.0049360151050437,2.528408915136254,2.4550627527959543,0.12153632659449709,1.6657851003410113
-1.9733622195915785,2.5284658883242,2.3977550563119956,0.09782280312894454,1.667698135442231
-1.9417884240781134,2.5110085993717584,2.3168853255575965,0.0784265344570858,1.658906962313411
-1.910214628564648,2.4789160084179134,2.223088065688994,0.06330665488241283,1.6388424675919129
-1.8786408330511828,2.4292536410474153,2.120781425270265,0.05213914578111911,1.60657738964528
-1.8470670375377176,2.3556036628773,2.0070804290734707,0.04425370071621293,1.560813291952882
-1.8154932420242522,2.2593372053512395,1.8796037191581838,0.03867126290812917,1.5001296509229325
-1.783919446510787,2.145342737866735,1.7382446795539446,0.034249764734648025,1.4234466995360957
-1.7523456509973219,2.013051048983876,1.5850214563919947,0.02991022319701986,1.3305455735831133
-1.7207718554838565,1.8623097272209415,1.423285738507901,0.024884547259810708,1.222442279650185
-1.6891980599703913,1.698398085486783,1.2546393734739123,0.018913661620985067,1.1014642910818941
-1.657624264456926,1.5262823240088297,1.081123417157536,0.01233855164568709,0.9710103870319358
-1.6260504689434607,1.3457797141962766,0.9074944599666922,0.0060645533244230165,0.835110916018627
-1.5944766734299956,1.156079080616958,0.7365996043311281,0.0014246721435808851,0.6979703443420282
-1.5629028779165302,0.9640257349565166,0.5699553177907337,0.0,0.5636434589559416
-1.531329082403065,0.7819614679521597,0.41412544620032365,0.0034608203753447864,0.43590667006411454
-1.4997552868895996,0.6155144486641345,0.28015796912221425,0.013471580134146954,0.31829334739459547
-1.4681814913761344,0.46168743450326577,0.1740259990348816,0.03166924939647542,0.21420721245905372
-1.4366076958626692,0.3208508072852537,0.09207701621362804,0.059693748035325234,0.12702146081818977
-1.4050339003492038,0.19959960254752163,0.03191719009303076,0.09923266741351666,0.06010183065838193
-1.3734601048357387,0.10273286490021344,0.0,0.15204388621945486,0.016737168289807536
-1.3418863093222735,0.03383563462530492,0.003473676284354077,0.21993464035169774,0.0
-1.310312513808808,0.0,0.04378594313263531,0.30469555776541424,0.012580012020570686
-1.278738718295343,0.007700042651507144,0.1214618768105212,0.40800453631542655,0.056634377858972074
-1.2471649227818777,0.05758799142996901,0.23976431366072573,0.5313231450857503,0.13368766734563486
-1.2155911272684123,0.1480660810275818,0.4016597836342979,0.6758072459683171,0.24459940316378692
-1.1840173317549472,0.28087009658099815,0.6077189282812555,0.8422469366789245,0.3896048713888929
-1.1524435362414818,0.45936869982411777,0.85869341940379,1.0310427266610889,0.5684257911128741
-1.1208697407280166,0.6842168757131708,1.1570932246613883,1.2422178540250157,0.7804401958030744
-1.0892959452145514,0.9567657799367911,1.506639128987754,1.4754616376905951,1.0248932443178236
-1.0577221497010862,1.283666558760097,1.9099308144164227,1.730195048737587,1.3011222726466902
-1.0261483541876206,1.6688909276535724,2.3645347881645935,2.0056462212048967,1.6087624520891521
-0.9945745586741555,2.1059355983430565,2.8656961392540006,2.3009200902357296,1.9478979047685747
-0.9630007631606903,2.587812941154482,3.4157117570879767,2.6150437927244545,2.3191303104975898
-0.9314269676472251,3.1188348571006945,4.025046908614456,2.9469701132384603,2.7235528231609205
-0.8998531721337599,3.7081693188218634,4.699024378208957,3.2955274717655576,3.1626371161159197
-0.8682793766202943,4.355709312730032,5.426897163196898,3.6593177820290754,3.6380588047750715
-0.8367055811068291,5.049239772012819,6.192577756508302,4.03658152432171,4.151495756717895
-0.805131785593364,5.774408215535888,6.994145788971603,4.425068310192168,4.704433284494627
-0.7735579900798988,6.5255604278629695,7.834310852577531,4.821964441014856,5.298002470382202
-0.7419841945664336,7.307617348320878,8.694494373567117,5.223928484642649,5.932867501678836
-0.7104103990529684,8.127966068611117,9.544500950523057,5.6272642770819274,6.609168965262485
-0.6788366035395028,8.990256141377607,10.3884348060516,6.028215268838341,7.326524498112732
-0.6472628080260376,9.895855459414502,11.28524270891374,6.423303222759104,8.084085610240566
-0.6156890125125725,10.83871815555673,12.299638932767285,6.809581802929516,8.880647833065245
-0.5841152169991073,11.79769691143115,13.426256004680145,7.1846644812854095,9.714807933468645
-0.5525414214856421,12.755088156587279,14.570112301699343,7.546438798401502,10.585154568283027
-0.5209676259721765,13.713209083427502,15.636610209431995,7.8924880648671945,11.49046663501889
-0.4893938304587113,14.652533988461707,16.60037917831036,8.219372157994442,12.429877780565803
-0.45782003494524615,15.520267938122254,17.469806546924943,8.522031442931594,13.402948484274836
-0.42624623943178097,16.32447674530708,18.30789745462391,8.793641487909474,14.409570696763282
-0.3946724439183158,17.15768316923269,19.195472629153564,9.026221658146435,15.449612758640914
-0.3630986484048506,18.08155542814002,20.148022465115368,9.212118759022752,16.52218799358646
-0.331524852891385,19.04202231756788,21.102142221455825,9.346102674105907,17.624391454176582
-0.2999510573779198,19.926888728491026,22.00315899384852,9.427351002464524,18.749303154100375
-0.26837726186445465,20.75710491966417,nan,9.460418426296359,19.883069917730552
-0.23680346635098948,21.71215828785662,nan,9.454676237825264,21.001174511200162
-0.2052296708375243,nan,nan,9.422472832578649,22.065049108477808
-0.17365587532405868,nan,nan,9.376817841202378,nan
-0.1420820798105935,nan,nan,9.329373797793792,nan
-0.11050828429712833,nan,nan,9.289134885019472,nan
-0.07893448878366316,nan,nan,9.261774803110606,nan
-0.047360693270197984,nan,nan,9.249461131941029,nan
-0.015786897756732365,nan,nan,9.250941125073656,nan
0.01578689775673281,nan,nan,9.261805695289409,nan
0.047360693270197984,nan,nan,9.274956201173003,nan
0.07893448878366316,nan,nan,9.281378976572462,nan
0.11050828429712833,nan,nan,9.27132258313538,22.195823885428847
0.14208207981059395,nan,nan,9.23582887628248,21.096707586451455
0.17365587532405913,nan,nan,9.168318998946413,19.934951852740806
0.2052296708375243,nan,nan,9.06573659645578,18.763987036288576
0.23680346635098948,nan,nan,8.9288141644256,17.620679627948746
0.26837726186445465,nan,nan,8.76139685817267,16.528301109613093
0.2999510573779198,21.953041850578668,nan,8.56918951494767,15.500732188474608
0.33152485289138545,20.80798268728312,nan,8.358473106892736,14.545741684369629
0.3630986484048506,19.729554388504607,21.719470274237597,8.135188108332441,13.667064506887014
0.3946724439183158,18.627696990309943,20.668285797652818,7.904485790534425,12.865581472937738
0.42624623943178097,17.527486424638912,19.950232527264284,7.670622339674162,12.139943967815505
0.45782003494524615,16.53330210731669,19.21319590099069,7.437003777901079,11.486900742623625
0.48939383045871176,15.650612545121316,18.195453093439195,7.206246500908069,10.901505877966965
0.5209676259721769,14.797212944853262,17.00165325524921,6.980217715186447,10.377338325376599
0.5525414214856421,13.931273320107971,15.824967440731893,6.760095219138925,9.906832800585672
0.5841152169991073,13.06794870895943,14.739102322959996,6.546506476315242,9.481789073162226
0.6156890125125725,12.230034363203474,13.718017506362488,6.339776655872901,9.094073848885698
0.6472628080260376,11.434513672494893,12.74444973683125,6.140259211643402,8.73645180376561
0.6788366035395033,10.685385524073544,11.8591765111336,5.948672261750364,8.403400133299867
0.7104103990529684,9.979331951142163,11.092529971681836,5.766345459694689,8.091717478398662
0.7419841945664336,9.328550656671357,10.424368508214338,5.595305073162841,7.800772248121171
0.7735579900798988,8.754488478992165,9.83157584818979,5.438178244516383,7.532343580006471
0.805131785593364,8.270336516029559,9.308868529028265,5.297954360776281,7.290135188269697
0.8367055811068296,7.883655754171672,8.853645089398489,5.177676521313112,7.079120494425986
0.8682793766202943,7.596543461108984,8.469860337246333,5.080139248221197,6.9048780627986
0.8998531721337599,7.4051056261211725,8.176136473265474,5.0076475252720805,6.773022108803816
0.9314269676472255,7.307579832223016,8.00103700606705,4.961862899907324,6.688767441211999
0.9630007631606903,7.303763555237826,7.9629369526550775,4.943737840975979,6.65662232232071
0.9945745586741559,7.392580903925925,8.049661355617332,4.953525176710871,6.6801835919285395
1.0261483541876206,7.578589313414467,8.227192950136931,4.990844286467704,6.762008751580045
1.0577221497010862,7.870707649763901,8.480313278377512,5.0547862664770165,6.90354971526627
1.0892959452145519,8.274139885429346,8.829178193009149,5.1440432526727715,7.105145913061538
1.1208697407280166,8.78631911755892,9.293702673811936,5.257050362335166,7.366086750338803
1.1524435362414822,9.39450928272909,9.868489181440216,5.392131141577025,7.68476213360193
1.184017331754947,10.085727768303325,10.541937402618233,5.547638291754659,8.058920746160544
1.2155911272684126,10.863792886595009,11.309505157669431,5.722080549694088,8.486043871935435
1.2471649227818782,11.743486965559097,12.16109981545505,5.914224435502774,8.963814786191664
1.278738718295343,12.744572467344737,13.093127834259477,6.123157598800958,9.49062433805437
1.3103125138088085,13.897387176130012,14.127861714820865,6.348300494916174,10.066017515621544
1.3418863093222733,15.196545785411898,15.278509292958395,6.589356110001155,10.690975490455632
1.3734601048357389,16.541566085768675,16.52761141597321,6.84619276376065,11.367957915690617
1.4050339003492045,17.836165082519454,17.87843554379522,7.118660808835282,12.100694565738843
1.4366076958626692,19.164049525647428,19.379795565878595,7.4063492412736505,12.893785235592778
1.4681814913761349,20.675263407454807,21.092114219300523,7.708294637041105,13.752209758962948
1.4997552868895996,22.337381231102757,nan,8.02266749401849,14.68085136928033
1.5313290824030652,nan,nan,8.346485655408447,15.684105603599555
1.56290287791653,nan,nan,8.675441363730869,16.765605088271993
1.5944766734299956,nan,nan,9.00396441393906,17.928056131394168
1.6260504689434612,nan,nan,9.325645723758074,19.1731634806553
1.657624264456926,nan,nan,9.634067809486131,20.501612868343514
1.6891980599703915,nan,nan,9.923909941059133,21.913080578022043
1.7207718554838562,nan,nan,10.191977552069746,nan
1.7523456509973219,nan,nan,10.437704279088019,nan
1.7839194465107875,nan,nan,10.662831923391694,nan
1.8154932420242522,nan,nan,10.870347241900632,nan
1.8470670375377178,nan,nan,11.063111856789423,nan
1.8786408330511826,nan,nan,11.242745590114916,nan
1.9102146285646482,nan,nan,11.409188242957175,nan
1.9417884240781138,nan,nan,11.561085038930567,nan
1.9733622195915785,nan,nan,11.696829353029347,nan
2.004936015105044,nan,nan,11.815831093834463,nan
2.036509810618509,nan,nan,11.919458368899306,nan
2.0680836061319745,nan,nan,12.011221880901692,nan
2.09965740164544,nan,nan,12.09611033239971,nan
2.131231197158905,nan,nan,12.1793464074598,nan
2.1628049926723705,nan,nan,12.265007741278591,nan
2.194378788185835,nan,nan,12.35490808858072,nan
2.225952583699301,nan,nan,12.447986586424676,nan
2.2575263792127664,nan,nan,12.540337931399135,nan
2.289100174726231,nan,nan,12.625951274509509,nan
2.320673970239697,nan,nan,12.69812463628143,nan
2.3522477657531615,nan,nan,12.751297548478584,nan
2.383821561266627,nan,nan,12.782746005454797,nan
2.415395356780092,nan,nan,12.793442993017223,nan
2.4469691522935575,nan,nan,12.787634545440197,nan
2.478542947807023,nan,nan,12.771239727413885,nan
2.510116743320488,nan,nan,12.749670790649578,nan
2.5416905388339535,nan,nan,12.725791508760466,nan
2.573264334347418,nan,nan,12.69855762110707,nan
2.604838129860884,nan,nan,12.662675266065111,nan
2.6364119253743494,nan,nan,12.609491815184345,nan
2.667985720887814,nan,nan,12.529165082195357,nan
2.69955951640128,nan,nan,12.413731146286414,nan
2.7311333119147445,nan,nan,12.260074611243692,nan
2.76270710742821,nan,nan,12.071525662974596,nan
2.7942809029416757,nan,nan,11.857383736477601,nan
2.8258546984551405,nan,nan,11.630809388272036,nan
2.857428493968606,nan,nan,11.406275869088548,nan
2.889002289482071,nan,nan,11.197616766069052,nan
2.9205760849955364,nan,nan,11.017041021002326,nan
2.952149880509002,22.108291979505918,nan,10.874939930222009,nan
2.983723676022467,20.93082949288271,22.4296882940908,10.78012125945393,22.148271804116693
3.0152974715359324,19.696600011079553,20.9571529775326,10.740165311559343,21.78149383817536
3.046871267049397,18.554992032640577,19.769070980725935,10.761733691241734,21.52730335880218
3.0784450625628628,17.74428329355878,19.007747813465848,10.850774972581862,21.386669816622096
3.1100188580763284,17.487658239817538,18.864692861125274,11.012636193209312,21.360382055566127
3.141592653589793,17.95785646668606,19.549771597990595,11.252113177632852,21.44909363990749
